AccountID,Churn,HighTickets
CF0001,No,No
CF0002,No,No
CF0003,No,No
CF0004,No,No
CF0005,No,No
CF0006,No,No
CF0007,No,Yes
CF0008,No,No
CF0009,No,No
CF0010,No,Yes
CF0011,No,No
CF0012,Yes,Yes
CF0013,No,Yes
CF0014,No,No
CF0015,No,Yes
CF0016,No,No
CF0017,No,No
CF0018,No,Yes
CF0019,No,No
CF0020,No,No
CF0021,No,No
CF0022,No,No
CF0023,No,No
CF0024,No,Yes
CF0025,No,No
CF0026,No,Yes
CF0027,No,No
CF0028,No,No
CF0029,Yes,Yes
CF0030,No,No
CF0031,No,Yes
CF0032,No,No
CF0033,No,Yes
CF0034,Yes,Yes
CF0035,No,Yes
CF0036,No,No
CF0037,No,No
CF0038,No,Yes
CF0039,Yes,Yes
CF0040,No,Yes
CF0041,No,No
CF0042,No,No
CF0043,No,No
CF0044,No,No
CF0045,No,No
CF0046,No,No
CF0047,No,Yes
CF0048,No,No
CF0049,Yes,Yes
CF0050,No,No
CF0051,No,Yes
CF0052,No,No
CF0053,No,No
CF0054,No,Yes
CF0055,No,No
CF0056,No,No
CF0057,No,No
CF0058,No,Yes
CF0059,No,No
CF0060,Yes,Yes
CF0061,No,No
CF0062,No,No
CF0063,No,Yes
CF0064,Yes,Yes
CF0065,No,Yes
CF0066,No,No
CF0067,No,No
CF0068,No,No
CF0069,No,No
CF0070,No,No
CF0071,No,No
CF0072,No,No
CF0073,No,Yes
CF0074,No,No
CF0075,No,Yes
CF0076,No,No
CF0077,No,No
CF0078,No,No
CF0079,No,No
CF0080,No,No
CF0081,No,No
CF0082,No,No
CF0083,No,No
CF0084,No,No
CF0085,No,No
CF0086,No,No
CF0087,No,No
CF0088,Yes,Yes
CF0089,No,No
CF0090,No,No
CF0091,No,No
CF0092,No,No
CF0093,No,No
CF0094,No,No
CF0095,Yes,Yes
CF0096,No,No
CF0097,No,No
CF0098,No,No
CF0099,No,Yes
CF0100,No,No
CF0101,Yes,No
CF0102,No,No
CF0103,No,No
CF0104,Yes,No
CF0105,No,No
CF0106,No,No
CF0107,No,No
CF0108,No,No
CF0109,No,Yes
CF0110,No,No
CF0111,No,Yes
CF0112,No,No
CF0113,No,No
CF0114,No,No
CF0115,No,No
CF0116,No,No
CF0117,No,No
CF0118,No,No
CF0119,No,No
CF0120,No,No
CF0121,No,Yes
CF0122,No,Yes
CF0123,No,No
CF0124,Yes,No
CF0125,No,No
CF0126,No,No
CF0127,No,No
CF0128,No,No
CF0129,No,Yes
CF0130,No,No
CF0131,No,No
CF0132,No,Yes
CF0133,No,No
CF0134,No,No
CF0135,No,No
CF0136,No,Yes
CF0137,No,No
CF0138,No,Yes
CF0139,No,No
CF0140,No,No
CF0141,No,No
CF0142,Yes,Yes
CF0143,No,No
CF0144,No,No
CF0145,No,No
CF0146,No,No
CF0147,No,No
CF0148,No,No
CF0149,No,No
CF0150,No,No
CF0151,No,No
CF0152,No,No
CF0153,No,Yes
CF0154,No,No
CF0155,Yes,Yes
CF0156,No,No
CF0157,No,No
CF0158,No,Yes
CF0159,No,No
CF0160,No,No
CF0161,No,Yes
CF0162,No,No
CF0163,No,No
CF0164,No,Yes
CF0165,Yes,Yes
CF0166,No,No
CF0167,No,No
CF0168,No,No
CF0169,No,Yes
CF0170,No,No
CF0171,No,No
CF0172,No,No
CF0173,No,No
CF0174,No,No
CF0175,No,Yes
CF0176,Yes,Yes
CF0177,No,No
CF0178,No,No
CF0179,No,No
CF0180,No,Yes
CF0181,No,No
CF0182,No,No
CF0183,No,No
CF0184,No,No
CF0185,No,No
CF0186,No,No
CF0187,Yes,Yes
CF0188,No,No
CF0189,No,No
CF0190,No,No
CF0191,No,Yes
CF0192,No,No
CF0193,No,No
CF0194,No,No
CF0195,No,No
CF0196,No,No
CF0197,No,No
CF0198,Yes,Yes
CF0199,No,No
CF0200,No,No
CF0201,No,No
CF0202,No,Yes
CF0203,No,No
CF0204,No,Yes
CF0205,No,No
CF0206,No,Yes
CF0207,No,No
CF0208,No,Yes
CF0209,No,No
CF0210,No,No
CF0211,No,Yes
CF0212,No,Yes
CF0213,Yes,No
CF0214,Yes,Yes
CF0215,No,Yes
CF0216,No,No
CF0217,No,No
CF0218,No,No
CF0219,No,Yes
CF0220,No,Yes
CF0221,No,No
CF0222,Yes,Yes
CF0223,No,Yes
CF0224,No,No
CF0225,No,No
CF0226,Yes,Yes
CF0227,No,No
CF0228,No,Yes
CF0229,No,No
CF0230,No,No
CF0231,Yes,Yes
CF0232,No,No
CF0233,No,No
CF0234,No,Yes
CF0235,No,No
CF0236,No,Yes
CF0237,No,No
CF0238,No,No
CF0239,No,Yes
CF0240,No,No
CF0241,No,No
CF0242,No,No
CF0243,No,No
CF0244,No,Yes
CF0245,No,No
CF0246,No,Yes
CF0247,Yes,Yes
CF0248,No,Yes
CF0249,No,No
CF0250,No,No
CF0251,No,Yes
CF0252,No,No
CF0253,No,No
CF0254,No,No
CF0255,No,Yes
CF0256,No,No
CF0257,No,No
CF0258,No,Yes
CF0259,No,No
CF0260,No,No
CF0261,No,No
CF0262,Yes,Yes
CF0263,No,No
CF0264,No,No
CF0265,No,No
CF0266,No,No
CF0267,Yes,Yes
CF0268,No,No
CF0269,No,No
CF0270,No,No
CF0271,No,No
CF0272,No,Yes
CF0273,Yes,No
CF0274,No,Yes
CF0275,Yes,No
CF0276,Yes,Yes
CF0277,No,No
CF0278,No,No
CF0279,No,No
CF0280,Yes,Yes
CF0281,Yes,Yes
CF0282,No,No
CF0283,Yes,No
CF0284,No,No
CF0285,No,No
CF0286,No,Yes
CF0287,No,Yes
CF0288,No,No
CF0289,No,No
CF0290,No,No
CF0291,No,No
CF0292,No,No
CF0293,No,No
CF0294,No,Yes
CF0295,No,No
CF0296,No,Yes
CF0297,Yes,Yes
CF0298,No,No
CF0299,No,No
CF0300,No,No
CF0301,No,No
CF0302,No,Yes
CF0303,No,Yes
CF0304,No,No
CF0305,No,No
CF0306,No,No
CF0307,No,No
CF0308,No,Yes
CF0309,No,No
CF0310,No,No
CF0311,No,No
CF0312,Yes,Yes
CF0313,No,No
CF0314,No,Yes
CF0315,No,No
CF0316,No,No
CF0317,No,No
CF0318,No,Yes
CF0319,No,No
CF0320,No,No
CF0321,No,Yes
CF0322,No,Yes
CF0323,No,Yes
CF0324,No,No
CF0325,No,No
CF0326,No,No
CF0327,No,Yes
CF0328,Yes,Yes
CF0329,No,No
CF0330,No,No
CF0331,Yes,No
CF0332,No,No
CF0333,Yes,No
CF0334,No,No
CF0335,No,No
CF0336,No,No
CF0337,No,No
CF0338,No,No
CF0339,Yes,Yes
CF0340,No,No
CF0341,No,No
CF0342,No,No
CF0343,No,Yes
CF0344,No,No
CF0345,No,No
CF0346,No,Yes
CF0347,No,Yes
CF0348,No,No
CF0349,No,Yes
CF0350,No,Yes
CF0351,Yes,Yes
CF0352,No,No
CF0353,No,No
CF0354,No,Yes
CF0355,No,No
CF0356,No,No
CF0357,No,No
CF0358,No,No
CF0359,No,Yes
CF0360,No,No
CF0361,No,No
CF0362,No,Yes
CF0363,Yes,Yes
CF0364,No,No
CF0365,No,Yes
CF0366,No,No
CF0367,Yes,No
CF0368,No,No
CF0369,No,No
CF0370,No,No
CF0371,No,No
CF0372,No,No
CF0373,No,Yes
CF0374,No,No
CF0375,No,No
CF0376,No,No
CF0377,No,No
CF0378,No,No
CF0379,No,No
CF0380,No,No
CF0381,No,No
CF0382,Yes,Yes
CF0383,No,Yes
CF0384,No,No
CF0385,No,No
CF0386,No,No
CF0387,No,No
CF0388,No,Yes
CF0389,No,No
CF0390,No,No
CF0391,No,No
CF0392,No,Yes
CF0393,No,No
CF0394,No,No
CF0395,No,No
CF0396,No,No
CF0397,No,No
CF0398,Yes,Yes
CF0399,Yes,No
CF0400,No,No
CF0401,No,No
CF0402,No,No
CF0403,No,No
CF0404,No,No
CF0405,No,No
CF0406,No,No
CF0407,No,No
CF0408,No,No
CF0409,No,No
CF0410,No,No
CF0411,No,No
CF0412,No,No
CF0413,No,No
CF0414,No,No
CF0415,No,No
CF0416,No,No
CF0417,No,No
CF0418,No,No
CF0419,No,No
CF0420,No,No
CF0421,No,No
CF0422,No,No
CF0423,Yes,No
CF0424,No,No
CF0425,No,No
CF0426,Yes,Yes
CF0427,Yes,Yes
CF0428,Yes,Yes
CF0429,No,No
CF0430,No,No
CF0431,No,No
CF0432,No,Yes
CF0433,Yes,Yes
CF0434,No,No
CF0435,No,No
CF0436,No,No
CF0437,No,No
CF0438,No,No
CF0439,No,No
CF0440,No,No
CF0441,No,No
CF0442,No,No
CF0443,No,No
CF0444,Yes,Yes
CF0445,No,Yes
CF0446,No,No
CF0447,No,Yes
CF0448,No,Yes
CF0449,Yes,Yes
CF0450,No,No
CF0451,Yes,No
CF0452,No,Yes
CF0453,No,No
CF0454,No,Yes
CF0455,No,Yes
CF0456,No,No
CF0457,No,No
CF0458,No,No
CF0459,No,No
CF0460,No,No
CF0461,No,Yes
CF0462,No,No
CF0463,No,No
CF0464,No,No
CF0465,No,No
CF0466,No,No
CF0467,No,No
CF0468,No,No
CF0469,No,No
CF0470,No,No
CF0471,No,No
CF0472,No,No
CF0473,No,No
CF0474,Yes,Yes
CF0475,No,No
CF0476,No,No
CF0477,No,No
CF0478,No,No
CF0479,No,Yes
CF0480,No,No
CF0481,No,No
CF0482,No,No
CF0483,No,No
CF0484,No,No
CF0485,No,No
CF0486,No,No
CF0487,No,Yes
CF0488,No,No
CF0489,No,No
CF0490,No,Yes
CF0491,No,Yes
CF0492,No,No
CF0493,No,No
CF0494,No,Yes
CF0495,No,No
CF0496,No,No
CF0497,No,Yes
CF0498,No,Yes
CF0499,No,Yes
CF0500,No,No
CF0501,No,No
CF0502,No,No
CF0503,No,No
CF0504,Yes,Yes
CF0505,No,No
CF0506,No,No
CF0507,No,No
CF0508,No,No
CF0509,No,No
CF0510,No,No
CF0511,No,No
CF0512,No,No
CF0513,No,No
CF0514,No,No
CF0515,No,No
CF0516,Yes,Yes
CF0517,Yes,Yes
CF0518,No,No
CF0519,No,No
CF0520,Yes,Yes
CF0521,No,No
CF0522,No,Yes
CF0523,No,No
CF0524,No,No
CF0525,No,Yes
CF0526,No,No
CF0527,No,Yes
CF0528,No,No
CF0529,Yes,Yes
CF0530,No,No
CF0531,No,Yes
CF0532,No,No
CF0533,No,No
CF0534,No,No
CF0535,No,Yes
CF0536,No,No
CF0537,Yes,Yes
CF0538,No,No
CF0539,No,No
CF0540,No,No
CF0541,No,No
CF0542,Yes,Yes
CF0543,No,No
CF0544,No,No
CF0545,No,No
CF0546,No,Yes
CF0547,Yes,Yes
CF0548,No,No
CF0549,No,Yes
CF0550,No,No
CF0551,No,No
CF0552,No,No
CF0553,No,No
CF0554,No,No
CF0555,No,No
CF0556,No,No
CF0557,No,No
CF0558,No,No
CF0559,No,Yes
CF0560,No,Yes
CF0561,No,No
CF0562,No,No
CF0563,No,No
CF0564,No,No
CF0565,No,Yes
CF0566,No,No
CF0567,No,No
CF0568,No,No
CF0569,No,No
CF0570,No,No
CF0571,Yes,Yes
CF0572,No,No
CF0573,No,No
CF0574,No,No
CF0575,No,No
CF0576,No,Yes
CF0577,No,No
CF0578,No,Yes
CF0579,No,Yes
CF0580,No,No
CF0581,Yes,Yes
CF0582,No,No
CF0583,No,No
CF0584,No,No
CF0585,No,No
CF0586,No,Yes
CF0587,Yes,No
CF0588,No,No
CF0589,No,No
CF0590,No,Yes
CF0591,No,No
CF0592,No,Yes
CF0593,No,No
CF0594,Yes,No
CF0595,No,No
CF0596,Yes,Yes
CF0597,No,No
CF0598,No,No
CF0599,No,Yes
CF0600,No,No
CF0601,No,No
CF0602,No,No
CF0603,Yes,Yes
CF0604,No,No
CF0605,No,No
CF0606,Yes,No
CF0607,No,No
CF0608,No,No
CF0609,No,No
CF0610,No,No
CF0611,No,No
CF0612,No,No
CF0613,No,No
CF0614,No,No
CF0615,No,No
CF0616,No,Yes
CF0617,No,No
CF0618,No,No
CF0619,No,Yes
CF0620,No,Yes
CF0621,No,No
CF0622,Yes,No
CF0623,No,No
CF0624,No,No
CF0625,No,No
CF0626,No,Yes
CF0627,No,No
CF0628,No,No
CF0629,Yes,Yes
CF0630,No,No
CF0631,No,No
CF0632,No,No
CF0633,No,No
CF0634,No,No
CF0635,No,No
CF0636,Yes,Yes
CF0637,Yes,Yes
CF0638,No,No
CF0639,Yes,No
CF0640,No,No
CF0641,No,No
CF0642,Yes,Yes
CF0643,No,No
CF0644,No,No
CF0645,No,No
CF0646,No,No
CF0647,No,No
CF0648,No,No
CF0649,No,No
CF0650,No,No
CF0651,No,No
CF0652,No,No
CF0653,No,No
CF0654,Yes,Yes
CF0655,No,No
CF0656,No,Yes
CF0657,No,No
CF0658,Yes,Yes
CF0659,No,No
CF0660,No,No
CF0661,No,No
CF0662,No,Yes
CF0663,No,Yes
CF0664,Yes,Yes
CF0665,No,Yes
CF0666,No,No
CF0667,No,No
CF0668,No,No
CF0669,Yes,Yes
CF0670,No,No
CF0671,No,No
CF0672,No,No
CF0673,Yes,Yes
CF0674,Yes,Yes
CF0675,No,Yes
CF0676,No,No
CF0677,Yes,Yes
CF0678,No,No
CF0679,No,No
CF0680,No,No
CF0681,Yes,Yes
CF0682,No,No
CF0683,No,No
CF0684,No,No
CF0685,No,No
CF0686,Yes,Yes
CF0687,No,No
CF0688,No,No
CF0689,No,No
CF0690,Yes,Yes
CF0691,No,No
CF0692,No,Yes
CF0693,No,No
CF0694,Yes,Yes
CF0695,Yes,Yes
CF0696,No,No
CF0697,No,No
CF0698,No,Yes
CF0699,No,No
CF0700,No,No
CF0701,Yes,Yes
CF0702,No,No
CF0703,No,No
CF0704,No,No
CF0705,No,No
CF0706,No,No
CF0707,No,No
CF0708,No,No
CF0709,No,No
CF0710,No,No
CF0711,No,Yes
CF0712,No,Yes
CF0713,No,No
CF0714,No,No
CF0715,No,No
CF0716,No,No
CF0717,No,No
CF0718,No,No
CF0719,No,Yes
CF0720,No,Yes
CF0721,No,Yes
CF0722,No,No
CF0723,No,No
CF0724,No,No
CF0725,No,No
CF0726,No,Yes
CF0727,No,No
CF0728,No,No
CF0729,No,Yes
CF0730,No,Yes
CF0731,No,No
CF0732,No,No
CF0733,No,No
CF0734,No,No
CF0735,Yes,Yes
CF0736,No,No
CF0737,Yes,Yes
CF0738,No,No
CF0739,No,No
CF0740,No,No
CF0741,No,No
CF0742,No,No
CF0743,No,No
CF0744,No,No
CF0745,No,No
CF0746,No,No
CF0747,No,No
CF0748,No,Yes
CF0749,No,No
CF0750,No,No
CF0751,No,Yes
CF0752,No,No
CF0753,No,No
CF0754,No,No
CF0755,No,No
CF0756,No,No
CF0757,No,No
CF0758,No,No
CF0759,No,Yes
CF0760,No,No
CF0761,No,No
CF0762,No,Yes
CF0763,Yes,Yes
CF0764,Yes,Yes
CF0765,No,No
CF0766,No,No
CF0767,No,No
CF0768,No,No
CF0769,No,Yes
CF0770,No,No
CF0771,Yes,Yes
CF0772,No,No
CF0773,Yes,Yes
CF0774,No,No
CF0775,No,Yes
CF0776,No,No
CF0777,No,No
CF0778,No,No
CF0779,No,No
CF0780,No,No
CF0781,No,No
CF0782,No,No
CF0783,No,No
CF0784,No,No
CF0785,No,No
CF0786,No,No
CF0787,No,No
CF0788,No,Yes
CF0789,No,No
CF0790,No,Yes
CF0791,No,No
CF0792,No,Yes
CF0793,No,No
CF0794,No,No
CF0795,No,No
CF0796,No,No
CF0797,No,No
CF0798,No,No
CF0799,No,No
CF0800,No,No
CF0801,No,Yes
CF0802,No,No
CF0803,No,No
CF0804,No,No
CF0805,Yes,Yes
CF0806,Yes,No
CF0807,Yes,Yes
CF0808,No,No
CF0809,No,No
CF0810,No,No
CF0811,No,No
CF0812,No,No
CF0813,No,Yes
CF0814,No,No
CF0815,No,Yes
CF0816,No,No
CF0817,Yes,Yes
CF0818,No,No
CF0819,Yes,Yes
CF0820,No,No
CF0821,No,No
CF0822,Yes,Yes
CF0823,No,Yes
CF0824,No,No
CF0825,No,No
CF0826,No,No
CF0827,No,No
CF0828,Yes,No
CF0829,No,No
CF0830,No,No
CF0831,No,No
CF0832,No,No
CF0833,No,No
CF0834,No,No
CF0835,Yes,Yes
CF0836,No,No
CF0837,No,Yes
CF0838,No,No
CF0839,Yes,Yes
CF0840,No,No
CF0841,No,No
CF0842,No,No
CF0843,No,No
CF0844,No,No
CF0845,No,No
CF0846,No,No
CF0847,No,No
CF0848,Yes,Yes
CF0849,No,No
CF0850,Yes,No
CF0851,Yes,Yes
CF0852,No,No
CF0853,No,No
CF0854,No,No
CF0855,No,No
CF0856,No,No
CF0857,No,No
CF0858,No,No
CF0859,No,No
CF0860,No,Yes
CF0861,No,No
CF0862,No,No
CF0863,No,No
CF0864,No,Yes
CF0865,No,Yes
CF0866,No,No
CF0867,No,No
CF0868,No,No
CF0869,No,No
CF0870,No,No
CF0871,Yes,Yes
CF0872,No,Yes
CF0873,No,No
CF0874,Yes,No
CF0875,No,No
CF0876,No,Yes
CF0877,No,Yes
CF0878,No,Yes
CF0879,Yes,Yes
CF0880,No,No
CF0881,No,No
CF0882,No,No
CF0883,No,No
CF0884,No,No
CF0885,No,No
CF0886,No,No
CF0887,No,No
CF0888,No,Yes
CF0889,No,No
CF0890,No,No
CF0891,Yes,Yes
CF0892,Yes,Yes
CF0893,No,No
CF0894,No,No
CF0895,No,No
CF0896,No,No
CF0897,No,No
CF0898,No,No
CF0899,No,No
CF0900,No,No
CF0901,No,No
CF0902,No,No
CF0903,No,No
CF0904,No,No
CF0905,No,Yes
CF0906,No,No
CF0907,No,No
CF0908,No,No
CF0909,No,No
CF0910,No,No
CF0911,No,No
CF0912,No,No
CF0913,No,No
CF0914,No,No
CF0915,Yes,Yes
CF0916,No,Yes
CF0917,No,No
CF0918,No,No
CF0919,No,No
CF0920,Yes,Yes
CF0921,No,Yes
CF0922,No,Yes
CF0923,No,Yes
CF0924,Yes,Yes
CF0925,No,No
CF0926,No,No
CF0927,No,No
CF0928,Yes,Yes
CF0929,No,No
CF0930,No,No
CF0931,No,No
CF0932,No,Yes
CF0933,Yes,Yes
CF0934,No,Yes
CF0935,No,Yes
CF0936,No,No
CF0937,No,Yes
CF0938,No,No
CF0939,No,No
CF0940,No,Yes
CF0941,No,No
CF0942,No,No
CF0943,No,No
CF0944,No,No
CF0945,No,No
CF0946,Yes,No
CF0947,No,No
CF0948,No,Yes
CF0949,Yes,Yes
CF0950,No,Yes
CF0951,No,No
CF0952,No,No
CF0953,No,No
CF0954,No,No
CF0955,No,Yes
CF0956,Yes,Yes
CF0957,No,No
CF0958,No,Yes
CF0959,No,No
CF0960,No,Yes
CF0961,No,No
CF0962,No,No
CF0963,No,No
CF0964,No,No
CF0965,No,No
CF0966,No,No
CF0967,No,No
CF0968,No,No
CF0969,No,No
CF0970,No,No
CF0971,No,No
CF0972,No,Yes
CF0973,No,No
CF0974,No,No
CF0975,No,No
CF0976,Yes,Yes
CF0977,No,No
CF0978,No,No
CF0979,No,No
CF0980,No,No
CF0981,No,No
CF0982,No,No
CF0983,No,No
CF0984,No,No
CF0985,No,No
CF0986,No,No
CF0987,Yes,No
CF0988,No,No
CF0989,No,No
CF0990,No,No
CF0991,No,No
CF0992,No,No
CF0993,No,No
CF0994,No,No
CF0995,No,No
CF0996,No,No
CF0997,No,No
CF0998,No,No
CF0999,No,No
CF1000,No,Yes
