trial,u_001
1,0.08306949253531
2,0.52150204428809
3,0.99276412153861
4,0.14258172681266
5,0.84821989447772
6,0.96742898065213
7,0.97180152790394
8,0.90269993349656
9,0.39698462890728
10,0.43346639749655
11,0.93606458351688
12,0.22734160016034
13,0.23315671436763
14,0.53071204015296
15,0.99069771103029
16,0.05038670933925
17,0.71901504328416
18,0.6440757993581
19,0.74522064935281
20,0.82564612722574
21,0.78366994238037
22,0.736598114162
23,0.23805467517098
24,0.38151397598484
25,0.64999074318209
26,0.90786678095238
27,0.93290888198375
28,0.9979612344387
29,0.23548109607725
30,0.04789745656994
31,0.9414478739594
32,0.20775249628392
33,0.92133172620373
34,0.46791556539844
35,0.23643897711998
36,0.85251713778318
37,0.37843980431443
38,0.15168225141334
39,0.41980999555402
40,0.7903604734013
41,0.87997405331569
42,0.23441182751618
43,0.4490821244062
44,0.62373015957744
45,0.01685307673914
46,0.55686315830858
47,0.72556243106486
48,0.95605516794367
49,0.39143830150431
50,0.9691436140189
51,0.01031029152272
52,0.23389649553502
53,0.31950052311121
54,0.51099730771468
55,0.47925971245974
56,0.27131023868078
57,0.41179730876403
58,0.05322731747795
59,0.8535825508684
60,0.39187780647959
61,0.51690232575307
62,0.9481571736819
63,0.50028424319177
64,0.02924238054144
65,0.52657822773573
66,0.74307626041315
67,0.79859128211403
68,0.92420896837098
69,0.58712553499345
70,0.48622693218946
71,0.83912512599361
72,0.53829573846516
73,0.81143360992023
74,0.69634079700456
75,0.78144329861746
76,0.29242342738769
77,0.35954810227978
78,0.78076751963229
79,0.9587330920817
80,0.59429061192534
81,0.03915345779334
82,0.12812812965729
83,0.8936785491678
84,0.05274301847571
85,0.32257845890961
86,0.07943206407653
87,0.69969280070453
88,0.06891734126317
89,0.4360742127532
90,0.70387818211178
91,0.91836319632638
92,0.46807629935417
93,0.20034262328891
94,0.72044627223248
95,0.00819782382083
96,0.22494956780765
97,0.35188554861816
98,0.0594669979112
99,0.28937580541401
100,0.95868892260124
101,0.51299842426269
102,0.23643188165345
103,0.29436169006842
104,0.52228040741074
105,0.05755019603937
106,0.36414357155891
107,0.58406293391544
108,0.01506465812029
109,0.78799831730649
110,0.88484452691034
111,0.45720652070119
112,0.46181128648887
113,0.31373961540911
114,0.80570141369397
115,0.24527915630381
116,0.65976612882827
117,0.98773674275078
118,0.92249054899558
119,0.78451297350072
120,0.1966355271438
121,0.57063613154635
122,0.33177321734077
123,0.35856372125735
124,0.95628813731229
125,0.43891215822918
126,0.82252215126812
127,0.33353282289869
128,0.90889028406419
129,0.80600517220279
130,0.97972093269808
131,0.78660507002378
132,0.61744815946937
133,0.88537890961565
134,0.44436275664444
135,0.08915679276767
136,0.71099641899858
137,0.92171717910639
138,0.91509273346273
139,0.7982986650251
140,0.13177251981111
141,0.16495285184356
142,0.91953124769706
143,0.72633043540128
144,0.52638330763685
145,0.33492575595613
146,0.0439773504523
147,0.36853220836658
148,0.58486584597246
149,0.36887990641113
150,0.47584906479045
151,0.20264115000603
152,0.36039062657514
153,0.47117721737152
154,0.69537541250254
155,0.08236769145003
156,0.34701368085178
157,0.61132350868185
158,0.17853926584319
159,0.32607191730247
160,0.60167921621241
161,0.67848896788493
162,0.16152528552252
163,0.44099450912949
164,0.77915231103669
165,0.57579907902483
166,0.30897451319956
167,0.09205548727808
168,0.78526472054386
169,0.73137833611497
170,0.00034654911036
171,0.02119492643382
172,0.45805849715643
173,0.42119640470385
174,0.9827193050368
175,0.33288766896842
176,0.38732242120947
177,0.13978358564086
178,0.44751040139645
179,0.29921461344689
180,0.7397408886857
181,0.89906996885036
182,0.36400454205801
183,0.7421885076434
184,0.23875765012053
185,0.76860418488046
186,0.66134844266246
187,0.39249008281441
188,0.70584253984403
189,0.50954818984712
190,0.79453373546389
191,0.67813618274764
192,0.5659568729099
193,0.87757538440997
194,0.91353504825315
195,0.99381067567703
196,0.00589693973695
197,0.00666269281212
198,0.32020120429612
199,0.07119435218214
200,0.32634514515932
201,0.23416112212868
202,0.18963522036689
203,0.31443381641232
204,0.10055292764196
205,0.92908753320396
206,0.14859145314713
207,0.29161291707087
208,0.29385631081933
209,0.56266164140239
210,0.45881151468526
211,0.66325405936341
212,0.77024086607557
213,0.04624443610933
214,0.35667959317786
215,0.37442062926657
216,0.66358091832311
217,0.78863857230997
218,0.16254311085546
219,0.24077589396653
220,0.23786116603783
221,0.74100450667293
222,0.81500682205634
223,0.64344319583485
224,0.25509323224248
225,0.30651005706726
226,0.7236287520559
227,0.64150645144922
228,0.47364125755216
229,0.8807817315353
230,0.74695524985996
231,0.09338883870039
232,0.52754871069453
233,0.46768110786906
234,0.03987040714226
235,0.82985548309926
236,0.99209965102787
237,0.2663033204781
238,0.55436618898668
239,0.23420222286608
240,0.60693437803961
241,0.20650164265803
242,0.84305707061059
243,0.32573912711596
244,0.99813240478729
245,0.45724181701748
246,0.49535627172934
247,0.8218753611309
248,0.32007158583651
249,0.21084465834902
250,0.01910996128645
251,0.04169446772808
252,0.87437305014653
253,0.10023544291003
254,0.78240001562949
255,0.34092214611294
256,0.00057916518015
257,0.96047347267716
258,0.8618101860047
259,0.65155806643234
260,0.81258109168918
261,0.05988821332175
262,0.41886038121792
263,0.86608509724962
264,1.399689385e-05
265,0.06095047439719
266,0.73936724329705
267,0.53055552470885
268,0.17645160209755
269,0.11182372136789
270,0.67072350433581
271,0.64185344921771
272,0.17996596716402
273,0.49037429042097
274,0.36939053585552
275,0.56413149530306
276,0.39423737955301
277,0.50817978415951
278,0.27002906253319
279,0.21369312859563
280,0.24634201177209
281,0.54398254838816
282,0.15004699834153
283,0.45146348997005
284,0.17500504075765
285,0.22245653973545
286,0.87186815894078
287,0.2669915713857
288,0.75021966720891
289,0.1785607449145
290,0.09176903517929
291,0.3567367777665
292,0.04155717550078
293,0.0612425704562
294,0.53838442393787
295,0.97868594564961
296,0.15634400958041
297,0.85291241516935
298,0.80452955076952
299,0.96150592902709
300,0.3336034860473
301,0.84402584614542
302,0.4161983365498
303,0.24064763995937
304,0.6218457862952
305,0.21838386962845
306,0.48404393389268
307,0.06608002374455
308,0.05454945669228
309,0.20015985456111
310,0.69798555200523
311,0.47144006366405
312,0.13024664526146
313,0.3694878547755
314,0.21107926619648
315,0.92057176679325
316,0.84395917949165
317,0.57647220026074
318,0.31921401036275
319,0.89721012080813
320,0.41073905418683
321,0.78963572535694
322,0.06905330136087
323,0.5941885202825
324,0.74092067361383
325,0.5884011250872
326,0.07120140026793
327,0.07034549576767
328,0.86442257094911
329,0.53073826907845
330,0.06855232245986
331,0.12957592258171
332,0.8267361365108
333,0.52745397480181
334,0.65341092055951
335,0.76246320152312
336,0.70451300595648
337,0.95517757432596
338,0.07223941451547
339,0.74269519560155
340,0.76090780940569
341,0.87090097126549
342,0.56585167743617
343,0.7619197134906
344,0.25583839079085
345,0.53239222525285
346,0.56618558509696
347,0.01753362810139
348,0.22889691025382
349,0.40606714237874
350,0.20351484348069
351,0.37929410680387
352,0.09405716378048
353,0.83039269482689
354,0.31889083564569
355,0.57721753666305
356,0.06122604354308
357,0.36163538797784
358,0.89088027052106
359,0.21297888880209
360,0.97870204625516
361,0.71873393256486
362,0.57463848217847
363,0.97753965502777
364,0.62622633384419
365,0.39739470184032
366,0.80011359128452
367,0.89923280566616
368,0.29434008695213
369,0.17485783548311
370,0.9880359217453
371,0.40200106362227
372,0.14425577917703
373,0.72689828410635
374,0.79863867146763
375,0.58272993012018
376,0.39095125999651
377,0.29480604329973
378,0.23186106682251
379,0.34685976783911
380,0.17646543038212
381,0.78084621779685
382,0.41303450380648
383,0.76160882466246
384,0.54406000021352
385,0.48181322569671
386,0.1461398927526
387,0.65160957012814
388,0.52718056502201
389,0.72655194618329
390,0.86074899555569
391,0.62688659479751
392,0.55876956731106
393,0.79497746598578
394,0.57333792657475
395,0.27457007105257
396,0.79424844510911
397,0.41248464067002
398,0.25485820294779
399,0.41938683354658
400,0.94227713747137
401,0.69850423208983
402,0.67796125469214
403,0.63092262079836
404,0.17271619831243
405,0.50358495945146
406,0.57646774793784
407,0.20493562930541
408,0.05636689621593
409,0.0792401961625
410,0.30434034198568
411,0.56979051596064
412,0.34762886402367
413,0.77149483949063
414,0.62880367630612
415,0.36982385734731
416,0.66049623211838
417,0.67088538593843
418,0.27038400302884
419,0.36461690182245
420,0.98286225694236
421,0.07652111683043
422,0.46063357861935
423,0.95203021506711
424,0.53204249166618
425,0.38367252455158
426,0.08315085951007
427,0.80844924196715
428,0.92344975783615
429,0.78558436129662
430,0.56311817227189
431,0.69218158503736
432,0.15972178221472
433,0.97979403394066
434,0.36123001548877
435,0.33816772685918
436,0.31709054572996
437,0.70919092461199
438,0.15491062424454
439,0.3461934671789
440,0.74938517805714
441,0.58637880028975
442,0.74022317412304
443,0.85655563248667
444,0.88753787015466
445,0.60715383988149
446,0.01379345805846
447,0.29189830754006
448,0.66236511419139
449,0.23662534273799
450,0.81956809823241
451,0.12862274608546
452,0.59663430956592
453,0.20090079505698
454,0.50802386919795
455,0.89778677745592
456,0.55193451060361
457,0.78864341790355
458,0.55925593998588
459,0.87474198851593
460,0.1873396562611
461,0.61610797220549
462,0.1485918934391
463,0.671637480936
464,0.9108655403027
465,0.38650163062248
466,0.93258940294803
467,0.37131153347476
468,0.05283992475916
469,0.09500603824902
470,0.74235214263331
471,0.05255672062985
472,0.28074127491893
473,0.6118766560465
474,0.37504099572309
475,0.78820196464572
476,0.18917669695449
477,0.94974011676777
478,0.02908374646218
479,0.43673889575065
480,0.3957446285869
481,0.49249561944871
482,0.8783681909088
483,0.75191966581724
484,0.23250048251222
485,0.05843445353493
486,0.61901918986814
487,0.57563369168431
488,0.46138551975605
489,0.28961603143943
490,0.78521866705686
491,0.33578868870581
492,0.56312968107963
493,0.87865257973757
494,0.36342366954506
495,0.76439608944014
496,0.17294727936116
497,0.19946190701128
498,0.45204832999104
499,0.95043580388287
500,0.385758185447
501,0.07274534002721
502,0.20816567819161
503,0.15828696639187
504,0.36451263118209
505,0.98295434596672
506,0.33622342537896
507,0.40345232749686
508,0.96856938428272
509,0.13056426354934
510,0.28852323108122
511,0.64950162648943
512,0.99416104852137
513,0.44340388494803
514,0.84025475598361
515,0.63678436517864
516,0.31173495911895
517,0.58444479408784
518,0.87115134212159
519,0.94941895817465
520,0.98353927056489
521,0.29727474276583
522,0.59210570725683
523,0.84321445563019
524,0.12458361428347
525,0.74634232517522
526,0.29236694591177
527,0.75894735216366
528,0.40191178363442
529,0.13620518766274
530,0.85537673450796
531,0.55607402983283
532,0.80842590177417
533,0.77997027390581
534,0.21586351241099
535,0.1359752285136
536,0.51248763852548
537,0.12211046587941
538,0.87852410598405
539,0.69769788217622
540,0.77178349305858
541,0.46839947418165
542,0.87405086903189
543,0.34072646304246
544,0.71029793616217
545,0.21486351944029
546,0.72251565303188
547,0.07566747720013
548,0.674483955937
549,0.82970721444518
550,0.22712910466563
551,0.05422794886377
552,0.97994728874125
553,0.60658332247395
554,0.50714701460987
555,0.97748702767496
556,0.40995255857795
557,0.09482016847458
558,0.41506522908232
559,0.79025553150904
560,0.23707411454944
561,0.47414553094324
562,0.15981061722857
563,0.66287660723432
564,0.45135467674937
565,0.68986721062012
566,0.39911404665026
567,0.94644044339259
568,0.40527626611115
569,0.46258656798552
570,0.32529043634313
571,0.85673616286501
572,0.01476912135117
573,0.4175606235021
574,0.42070858955235
575,0.88247761805383
576,0.51869830571826
577,0.70007717880504
578,0.40198469787333
579,0.85936871210277
580,0.20977873108151
581,0.94236630462383
582,0.22119658403846
583,0.03211851079505
584,0.98971413000011
585,0.51170321321611
586,0.83075246647312
587,0.2759220264448
588,0.32119000933526
589,0.16252242936137
590,0.74636717379132
591,0.21627613638401
592,0.61225200893046
593,0.45610634471788
594,0.87481737095247
595,0.16184855021832
596,0.09178134973869
597,0.99860433690686
598,0.4605235873548
599,0.60970024874319
600,0.53321364072367
601,0.12925229182623
602,0.93062339928774
603,0.99693998627454
604,0.21661068509145
605,0.53220952471374
606,0.61359699895323
607,0.34640063886493
608,0.68206787222799
609,0.73491108127778
610,0.8084545346186
611,0.74125180434144
612,0.78357132743338
613,0.34868306235015
614,0.70371653219727
615,0.85050185148895
616,0.54777131908729
617,0.78369140762757
618,0.05871566456081
619,0.05912077171483
620,0.4775779404149
621,0.56287118785766
622,0.39874408079333
623,0.08342308197011
624,0.95481939288181
625,0.99948213195122
626,0.90357007524593
627,0.41534120490796
628,0.82644047251305
629,0.11308243105914
630,0.59548209356542
631,0.36034320305429
632,0.74908922218725
633,0.95215130067196
634,0.47110155841299
635,0.29661970645971
636,0.07280336946361
637,0.05037281571581
638,0.86619284754265
639,0.83489835565705
640,0.67894050128766
641,0.337123380559
642,0.52208875262051
643,0.73581525314473
644,0.16898027388346
645,0.2759718747316
646,0.00955214725196
647,0.92363904670369
648,0.50655773105969
649,0.84714683330603
650,0.79755419104937
651,0.95504308109898
652,0.3159045725812
653,0.17864827601522
654,0.02061615669516
655,0.13761934618673
656,0.67613150887103
657,0.92211316188458
658,0.00722512732726
659,0.4753739224597
660,0.48103429409092
661,0.74065499359023
662,0.79639262714515
663,0.54644783060986
664,0.07057792610628
665,0.42447209598421
666,0.71880120100306
667,0.280291609051
668,0.51786737566893
669,0.17083070404969
670,0.57306458751155
671,0.12467507555686
672,0.72991533957364
673,0.24645826920833
674,0.14764739994243
675,0.85802770679419
676,0.19883866701362
677,0.50204652987406
678,0.31735125970769
679,0.19321206593532
680,0.04715044300232
681,0.60223125955412
682,0.17671846817534
683,0.13399848909893
684,0.8626120015292
685,0.73060465633758
686,0.43771152626145
687,0.47640708636837
688,0.67326809904696
689,0.06383134090402
690,0.96042013931223
691,0.12041914100247
692,0.1566109722064
693,0.81676763673249
694,0.85692867586641
695,0.32990191875252
696,0.84822273516168
697,0.95354003787462
698,0.81378334168631
699,0.85974078381448
700,0.06671052660104
701,0.73894371122452
702,0.53542269754749
703,0.63415181987663
704,0.02137332467033
705,0.33016939835819
706,0.09887665451847
707,0.57527926487625
708,0.80440369840889
709,0.63596887072762
710,0.20936071947605
711,0.3231685547783
712,0.01292378004237
713,0.17303427585816
714,0.1485818988085
715,0.36468026890587
716,0.62684151212883
717,0.52467438435627
718,0.58850302848673
719,0.75296899922714
720,0.06411596875304
721,0.12279575383924
722,0.48894093645576
723,0.77240107925096
724,0.48431357102247
725,0.10104443775154
726,0.96307271192044
727,0.05597400786235
728,0.24672221344525
729,0.20692713069321
730,0.22854734561006
731,0.75149163790113
732,0.24118580359658
733,0.48675821764249
734,0.80581385393598
735,0.79409167901589
736,0.50582662966288
737,0.44460752609584
738,0.90399369848423
739,0.30157222630514
740,0.9369408943214
741,0.35531078533441
742,0.77426627733001
743,0.36872469057047
744,0.44779580896277
745,0.11982417053131
746,0.0190387562221
747,0.10185263699854
748,0.20579266617957
749,0.19221529812708
750,0.73180233083953
751,0.72450706647275
752,0.22201267065842
753,0.42819626689427
754,0.07873324710433
755,0.48037310553854
756,0.01403375777506
757,0.73727549448265
758,0.24352042994927
759,0.65641301620246
760,0.4075956025649
761,0.52144795625794
762,0.00162362101942
763,0.81597099517856
764,0.73544562605982
765,0.73624237893173
766,0.00565786304725
767,0.08488964136778
768,0.35979755401938
769,0.92350405149439
770,0.98045580282324
771,0.50628891952951
772,0.51498680758358
773,0.29126232420521
774,0.176477339898
775,0.57209796536565
776,0.82371524977714
777,0.04860870408112
778,0.23205846382299
779,0.05153744658467
780,0.41616156274322
781,0.5729506332067
782,0.06625596087238
783,0.24766500539487
784,0.9204687348437
785,0.21824485685134
786,0.79512468698883
787,0.91833385769793
788,0.05699170741088
789,0.87728777420186
790,0.91417018481927
791,0.08533082331723
792,0.08133119776118
793,0.17065764122777
794,0.85987994125204
795,0.06335477818892
796,0.51066124200379
797,0.99025336420013
798,0.74208985078103
799,0.49463646427351
800,0.66315414629349
801,0.34942072447355
802,0.90688182169546
803,0.64109126623021
804,0.84771436366188
805,0.70388204036525
806,0.82907279166187
807,0.59982808939395
808,0.27831489012871
809,0.82079219653007
810,0.2193965211547
811,0.8795043209552
812,0.21506809095224
813,0.42478837607142
814,0.49495987244822
815,0.20299268436999
816,0.49963701404014
817,0.11589738115574
818,0.63592377594155
819,0.82527878970114
820,0.92458845499442
821,0.29971417698978
822,0.12586126508258
823,0.83876677258569
824,0.50581751485813
825,0.19314926481228
826,0.18882716654338
827,0.78017359810961
828,0.15156135664124
829,0.9827484436489
830,0.72931567726363
831,0.89088355482221
832,0.07429369291619
833,0.79256946226305
834,0.92326775715702
835,0.25393485058402
836,0.09370043187917
837,0.94654839891955
838,0.59973631472709
839,0.40696232040597
840,0.03073314436509
841,0.56157124220038
842,0.30381793273212
843,0.68330840813937
844,0.93002481588358
845,0.32713374404207
846,0.12404251160873
847,0.77919714298415
848,0.53825266056985
849,0.40285201980704
850,0.09310371698538
851,0.69066994782273
852,0.38178399947826
853,0.58490685680476
854,0.50290453758427
855,0.07487001817815
856,0.31403682690621
857,0.82086774454775
858,0.1169135539942
859,0.084635369812
860,0.07669262885234
861,0.44230832809535
862,0.96298406715112
863,0.54220089997549
864,0.94328296089978
865,0.4385000368523
866,0.89814579077283
867,0.42509149224356
868,0.81486431551782
869,0.96449248683041
870,0.34052074143491
871,0.0872416990481
872,0.78355295257534
873,0.2260279009881
874,0.87642277219539
875,0.43700760727227
876,0.25933205886891
877,0.5390800139023
878,0.15332654510868
879,0.01286317419228
880,0.05424073690903
881,0.25163571991268
882,0.11008197273118
883,0.93463873672061
884,0.05361122442424
885,0.07774554810705
886,0.15568028907677
887,0.49266797452243
888,0.90834972854186
889,0.56751209743853
890,0.98085867807489
891,0.85466676273751
892,0.84000275981991
893,0.76979873516112
894,0.06033127471954
895,0.21850997971269
896,0.40728700785538
897,0.42911138409497
898,0.42550946142771
899,0.96023982130255
900,0.4265454599622
901,0.40934287825896
902,0.44665618582712
903,0.95782666494705
904,0.74659154828
905,0.39310714315028
906,0.06283326493491
907,0.15912224439523
908,0.41539382694317
909,0.73939104253097
910,0.37598237468019
911,0.52633222525232
912,0.02979925115263
913,0.64431297069088
914,0.51690942263756
915,0.78815297426582
916,0.98451435113774
917,0.52356822536545
918,0.71598537289568
919,0.45726861015884
920,0.79018388043721
921,0.43538125507426
922,0.98739621474513
923,0.50767812180093
924,0.67823248105929
925,0.53324533750327
926,0.88725566643679
927,0.38768773627316
928,0.64629566752748
929,0.70512366653307
930,0.1001110453308
931,0.35292307222202
932,0.15497155910699
933,0.54131808214478
934,0.79194534213857
935,0.15444990784527
936,0.64299104914795
937,0.79351124144268
938,0.63710910965022
939,0.2318116604353
940,0.11057934944834
941,0.86987934641465
942,0.66349906297403
943,0.48698074399694
944,0.43587678946832
945,0.20251841352673
946,0.63685007119706
947,0.6183046911357
948,0.53702478790417
949,0.47218709051997
950,0.31883246070418
951,0.61137351634545
952,0.44434734519905
953,0.05165003635339
954,0.14857905396627
955,0.13060338604953
956,0.97507545023107
957,0.45958977583305
958,0.53672637380336
959,0.03459266465778
960,0.72604236478305
961,0.80773461711376
962,0.52585621563255
963,0.32682763464943
964,0.81695386137747
965,0.34318814672942
966,0.79072571767026
967,0.9747358109634
968,0.32377810644021
969,0.22339337937436
970,0.0313262395913
971,0.32187691544705
972,0.41686549050575
973,0.38359430176411
974,0.15054015163993
975,0.31277876236449
976,0.30766035760418
977,0.73696564513271
978,0.22780402888557
979,0.75014956673879
980,0.55174206750906
981,0.46153063146653
982,0.70095666833897
983,0.93159637451733
984,0.57001720085246
985,0.02593762639346
986,0.65785637362049
987,0.34279233417621
988,0.46609909868376
989,0.52072919295384
990,0.66015297789589
991,0.99592592998091
992,0.06842386698506
993,0.22395523978381
994,0.83372402795146
995,0.98524081692957
996,0.2770996026659
997,0.97546997889079
998,0.42911375045941
999,0.51979909402816
1000,0.61233542245207
