pickup_id,invitation_status,delay_flag,slow_flag,duration
CL000001,not_invited,,,
CL000002,not_invited,,,
CL000003,not_invited,,,
CL000004,responded,1,1,63.24711745155093
CL000005,not_invited,,,
CL000006,not_invited,,,
CL000007,not_invited,,,
CL000008,not_invited,,,
CL000009,not_invited,,,
CL000010,not_invited,,,
CL000011,not_invited,,,
CL000012,not_invited,,,
CL000013,not_invited,,,
CL000014,not_invited,,,
CL000015,not_invited,,,
CL000016,not_invited,,,
CL000017,not_invited,,,
CL000018,not_invited,,,
CL000019,not_invited,,,
CL000020,not_invited,,,
CL000021,not_invited,,,
CL000022,not_invited,,,
CL000023,responded,1,1,63.24711745155093
CL000024,not_invited,,,
CL000025,not_invited,,,
CL000026,not_invited,,,
CL000027,not_invited,,,
CL000028,not_invited,,,
CL000029,not_invited,,,
CL000030,not_invited,,,
CL000031,not_invited,,,
CL000032,not_invited,,,
CL000033,not_invited,,,
CL000034,not_invited,,,
CL000035,not_invited,,,
CL000036,not_invited,,,
CL000037,not_invited,,,
CL000038,not_invited,,,
CL000039,responded,1,1,63.24711745155093
CL000040,responded,1,1,63.24711745155093
CL000041,not_invited,,,
CL000042,not_invited,,,
CL000043,not_invited,,,
CL000044,not_invited,,,
CL000045,not_invited,,,
CL000046,not_invited,,,
CL000047,not_invited,,,
CL000048,responded,0,0,35.29038396266813
CL000049,not_invited,,,
CL000050,not_invited,,,
CL000051,not_invited,,,
CL000052,not_invited,,,
CL000053,not_invited,,,
CL000054,not_invited,,,
CL000055,not_invited,,,
CL000056,not_invited,,,
CL000057,not_invited,,,
CL000058,not_invited,,,
CL000059,not_invited,,,
CL000060,not_invited,,,
CL000061,not_invited,,,
CL000062,not_invited,,,
CL000063,not_invited,,,
CL000064,not_invited,,,
CL000065,not_invited,,,
CL000066,nonresponse,,,
CL000067,not_invited,,,
CL000068,not_invited,,,
CL000069,not_invited,,,
CL000070,not_invited,,,
CL000071,not_invited,,,
CL000072,not_invited,,,
CL000073,not_invited,,,
CL000074,not_invited,,,
CL000075,not_invited,,,
CL000076,not_invited,,,
CL000077,not_invited,,,
CL000078,not_invited,,,
CL000079,not_invited,,,
CL000080,not_invited,,,
CL000081,not_invited,,,
CL000082,not_invited,,,
CL000083,not_invited,,,
CL000084,not_invited,,,
CL000085,not_invited,,,
CL000086,not_invited,,,
CL000087,not_invited,,,
CL000088,not_invited,,,
CL000089,not_invited,,,
CL000090,not_invited,,,
CL000091,not_invited,,,
CL000092,not_invited,,,
CL000093,not_invited,,,
CL000094,not_invited,,,
CL000095,not_invited,,,
CL000096,not_invited,,,
CL000097,not_invited,,,
CL000098,responded,0,0,35.29038396266813
CL000099,not_invited,,,
CL000100,not_invited,,,
CL000101,not_invited,,,
CL000102,responded,0,0,35.29038396266813
CL000103,not_invited,,,
CL000104,not_invited,,,
CL000105,nonresponse,,,
CL000106,not_invited,,,
CL000107,not_invited,,,
CL000108,not_invited,,,
CL000109,not_invited,,,
CL000110,not_invited,,,
CL000111,not_invited,,,
CL000112,not_invited,,,
CL000113,not_invited,,,
CL000114,responded,0,0,35.29038396266813
CL000115,not_invited,,,
CL000116,not_invited,,,
CL000117,not_invited,,,
CL000118,not_invited,,,
CL000119,not_invited,,,
CL000120,not_invited,,,
CL000121,not_invited,,,
CL000122,not_invited,,,
CL000123,not_invited,,,
CL000124,not_invited,,,
CL000125,not_invited,,,
CL000126,not_invited,,,
CL000127,not_invited,,,
CL000128,not_invited,,,
CL000129,not_invited,,,
CL000130,not_invited,,,
CL000131,not_invited,,,
CL000132,not_invited,,,
CL000133,not_invited,,,
CL000134,responded,0,0,35.29038396266813
CL000135,responded,1,1,63.24711745155093
CL000136,not_invited,,,
CL000137,not_invited,,,
CL000138,not_invited,,,
CL000139,not_invited,,,
CL000140,not_invited,,,
CL000141,not_invited,,,
CL000142,not_invited,,,
CL000143,not_invited,,,
CL000144,not_invited,,,
CL000145,not_invited,,,
CL000146,not_invited,,,
CL000147,not_invited,,,
CL000148,not_invited,,,
CL000149,not_invited,,,
CL000150,not_invited,,,
CL000151,not_invited,,,
CL000152,not_invited,,,
CL000153,not_invited,,,
CL000154,not_invited,,,
CL000155,not_invited,,,
CL000156,not_invited,,,
CL000157,not_invited,,,
CL000158,not_invited,,,
CL000159,not_invited,,,
CL000160,not_invited,,,
CL000161,not_invited,,,
CL000162,not_invited,,,
CL000163,not_invited,,,
CL000164,not_invited,,,
CL000165,not_invited,,,
CL000166,not_invited,,,
CL000167,not_invited,,,
CL000168,responded,1,1,63.24711745155093
CL000169,not_invited,,,
CL000170,not_invited,,,
CL000171,not_invited,,,
CL000172,not_invited,,,
CL000173,not_invited,,,
CL000174,not_invited,,,
CL000175,not_invited,,,
CL000176,not_invited,,,
CL000177,not_invited,,,
CL000178,not_invited,,,
CL000179,not_invited,,,
CL000180,not_invited,,,
CL000181,not_invited,,,
CL000182,not_invited,,,
CL000183,not_invited,,,
CL000184,not_invited,,,
CL000185,responded,0,0,35.29038396266813
CL000186,responded,0,0,35.29038396266813
CL000187,not_invited,,,
CL000188,not_invited,,,
CL000189,not_invited,,,
CL000190,not_invited,,,
CL000191,not_invited,,,
CL000192,not_invited,,,
CL000193,not_invited,,,
CL000194,not_invited,,,
CL000195,not_invited,,,
CL000196,not_invited,,,
CL000197,not_invited,,,
CL000198,not_invited,,,
CL000199,not_invited,,,
CL000200,not_invited,,,
CL000201,not_invited,,,
CL000202,not_invited,,,
CL000203,not_invited,,,
CL000204,not_invited,,,
CL000205,not_invited,,,
CL000206,not_invited,,,
CL000207,not_invited,,,
CL000208,not_invited,,,
CL000209,not_invited,,,
CL000210,not_invited,,,
CL000211,not_invited,,,
CL000212,not_invited,,,
CL000213,not_invited,,,
CL000214,not_invited,,,
CL000215,not_invited,,,
CL000216,not_invited,,,
CL000217,not_invited,,,
CL000218,not_invited,,,
CL000219,not_invited,,,
CL000220,not_invited,,,
CL000221,responded,0,0,35.29038396266813
CL000222,not_invited,,,
CL000223,not_invited,,,
CL000224,not_invited,,,
CL000225,not_invited,,,
CL000226,not_invited,,,
CL000227,not_invited,,,
CL000228,not_invited,,,
CL000229,not_invited,,,
CL000230,not_invited,,,
CL000231,not_invited,,,
CL000232,not_invited,,,
CL000233,not_invited,,,
CL000234,not_invited,,,
CL000235,not_invited,,,
CL000236,not_invited,,,
CL000237,not_invited,,,
CL000238,not_invited,,,
CL000239,not_invited,,,
CL000240,not_invited,,,
CL000241,not_invited,,,
CL000242,not_invited,,,
CL000243,not_invited,,,
CL000244,not_invited,,,
CL000245,not_invited,,,
CL000246,not_invited,,,
CL000247,not_invited,,,
CL000248,not_invited,,,
CL000249,not_invited,,,
CL000250,not_invited,,,
CL000251,not_invited,,,
CL000252,not_invited,,,
CL000253,not_invited,,,
CL000254,not_invited,,,
CL000255,not_invited,,,
CL000256,not_invited,,,
CL000257,not_invited,,,
CL000258,nonresponse,,,
CL000259,not_invited,,,
CL000260,not_invited,,,
CL000261,not_invited,,,
CL000262,not_invited,,,
CL000263,not_invited,,,
CL000264,not_invited,,,
CL000265,not_invited,,,
CL000266,not_invited,,,
CL000267,not_invited,,,
CL000268,not_invited,,,
CL000269,responded,0,0,35.29038396266813
CL000270,not_invited,,,
CL000271,not_invited,,,
CL000272,not_invited,,,
CL000273,not_invited,,,
CL000274,not_invited,,,
CL000275,not_invited,,,
CL000276,not_invited,,,
CL000277,not_invited,,,
CL000278,responded,0,0,35.29038396266813
CL000279,not_invited,,,
CL000280,not_invited,,,
CL000281,not_invited,,,
CL000282,not_invited,,,
CL000283,not_invited,,,
CL000284,not_invited,,,
CL000285,not_invited,,,
CL000286,responded,0,0,35.29038396266813
CL000287,not_invited,,,
CL000288,not_invited,,,
CL000289,not_invited,,,
CL000290,not_invited,,,
CL000291,not_invited,,,
CL000292,responded,0,0,35.29038396266813
CL000293,not_invited,,,
CL000294,not_invited,,,
CL000295,not_invited,,,
CL000296,not_invited,,,
CL000297,not_invited,,,
CL000298,not_invited,,,
CL000299,not_invited,,,
CL000300,not_invited,,,
CL000301,not_invited,,,
CL000302,not_invited,,,
CL000303,not_invited,,,
CL000304,not_invited,,,
CL000305,not_invited,,,
CL000306,not_invited,,,
CL000307,not_invited,,,
CL000308,not_invited,,,
CL000309,not_invited,,,
CL000310,not_invited,,,
CL000311,not_invited,,,
CL000312,not_invited,,,
CL000313,not_invited,,,
CL000314,not_invited,,,
CL000315,not_invited,,,
CL000316,not_invited,,,
CL000317,not_invited,,,
CL000318,not_invited,,,
CL000319,not_invited,,,
CL000320,not_invited,,,
CL000321,not_invited,,,
CL000322,not_invited,,,
CL000323,not_invited,,,
CL000324,not_invited,,,
CL000325,not_invited,,,
CL000326,not_invited,,,
CL000327,responded,0,0,35.29038396266813
CL000328,not_invited,,,
CL000329,not_invited,,,
CL000330,not_invited,,,
CL000331,not_invited,,,
CL000332,not_invited,,,
CL000333,not_invited,,,
CL000334,not_invited,,,
CL000335,not_invited,,,
CL000336,not_invited,,,
CL000337,not_invited,,,
CL000338,not_invited,,,
CL000339,not_invited,,,
CL000340,not_invited,,,
CL000341,not_invited,,,
CL000342,not_invited,,,
CL000343,not_invited,,,
CL000344,not_invited,,,
CL000345,responded,0,0,35.29038396266813
CL000346,not_invited,,,
CL000347,not_invited,,,
CL000348,not_invited,,,
CL000349,not_invited,,,
CL000350,not_invited,,,
CL000351,not_invited,,,
CL000352,not_invited,,,
CL000353,not_invited,,,
CL000354,not_invited,,,
CL000355,not_invited,,,
CL000356,not_invited,,,
CL000357,not_invited,,,
CL000358,not_invited,,,
CL000359,not_invited,,,
CL000360,not_invited,,,
CL000361,not_invited,,,
CL000362,not_invited,,,
CL000363,responded,1,1,63.24711745155093
CL000364,not_invited,,,
CL000365,not_invited,,,
CL000366,not_invited,,,
CL000367,not_invited,,,
CL000368,not_invited,,,
CL000369,not_invited,,,
CL000370,not_invited,,,
CL000371,not_invited,,,
CL000372,not_invited,,,
CL000373,not_invited,,,
CL000374,not_invited,,,
CL000375,not_invited,,,
CL000376,not_invited,,,
CL000377,not_invited,,,
CL000378,not_invited,,,
CL000379,not_invited,,,
CL000380,not_invited,,,
CL000381,not_invited,,,
CL000382,not_invited,,,
CL000383,not_invited,,,
CL000384,not_invited,,,
CL000385,not_invited,,,
CL000386,not_invited,,,
CL000387,not_invited,,,
CL000388,not_invited,,,
CL000389,not_invited,,,
CL000390,not_invited,,,
CL000391,not_invited,,,
CL000392,not_invited,,,
CL000393,not_invited,,,
CL000394,not_invited,,,
CL000395,not_invited,,,
CL000396,not_invited,,,
CL000397,not_invited,,,
CL000398,not_invited,,,
CL000399,not_invited,,,
CL000400,not_invited,,,
CL000401,not_invited,,,
CL000402,not_invited,,,
CL000403,not_invited,,,
CL000404,not_invited,,,
CL000405,not_invited,,,
CL000406,not_invited,,,
CL000407,not_invited,,,
CL000408,not_invited,,,
CL000409,not_invited,,,
CL000410,not_invited,,,
CL000411,not_invited,,,
CL000412,not_invited,,,
CL000413,not_invited,,,
CL000414,not_invited,,,
CL000415,not_invited,,,
CL000416,not_invited,,,
CL000417,not_invited,,,
CL000418,not_invited,,,
CL000419,not_invited,,,
CL000420,not_invited,,,
CL000421,not_invited,,,
CL000422,not_invited,,,
CL000423,not_invited,,,
CL000424,not_invited,,,
CL000425,not_invited,,,
CL000426,nonresponse,,,
CL000427,not_invited,,,
CL000428,not_invited,,,
CL000429,not_invited,,,
CL000430,not_invited,,,
CL000431,not_invited,,,
CL000432,not_invited,,,
CL000433,not_invited,,,
CL000434,not_invited,,,
CL000435,not_invited,,,
CL000436,not_invited,,,
CL000437,nonresponse,,,
CL000438,not_invited,,,
CL000439,not_invited,,,
CL000440,not_invited,,,
CL000441,not_invited,,,
CL000442,not_invited,,,
CL000443,not_invited,,,
CL000444,not_invited,,,
CL000445,not_invited,,,
CL000446,not_invited,,,
CL000447,not_invited,,,
CL000448,not_invited,,,
CL000449,not_invited,,,
CL000450,responded,0,0,35.29038396266813
CL000451,not_invited,,,
CL000452,not_invited,,,
CL000453,not_invited,,,
CL000454,not_invited,,,
CL000455,not_invited,,,
CL000456,not_invited,,,
CL000457,not_invited,,,
CL000458,not_invited,,,
CL000459,not_invited,,,
CL000460,not_invited,,,
CL000461,not_invited,,,
CL000462,not_invited,,,
CL000463,not_invited,,,
CL000464,not_invited,,,
CL000465,not_invited,,,
CL000466,not_invited,,,
CL000467,not_invited,,,
CL000468,not_invited,,,
CL000469,not_invited,,,
CL000470,not_invited,,,
CL000471,not_invited,,,
CL000472,not_invited,,,
CL000473,responded,0,0,35.29038396266813
CL000474,not_invited,,,
CL000475,not_invited,,,
CL000476,not_invited,,,
CL000477,not_invited,,,
CL000478,not_invited,,,
CL000479,not_invited,,,
CL000480,not_invited,,,
CL000481,not_invited,,,
CL000482,not_invited,,,
CL000483,not_invited,,,
CL000484,not_invited,,,
CL000485,not_invited,,,
CL000486,not_invited,,,
CL000487,not_invited,,,
CL000488,not_invited,,,
CL000489,not_invited,,,
CL000490,not_invited,,,
CL000491,not_invited,,,
CL000492,not_invited,,,
CL000493,not_invited,,,
CL000494,not_invited,,,
CL000495,not_invited,,,
CL000496,not_invited,,,
CL000497,not_invited,,,
CL000498,not_invited,,,
CL000499,not_invited,,,
CL000500,not_invited,,,
CL000501,not_invited,,,
CL000502,not_invited,,,
CL000503,responded,0,0,35.29038396266813
CL000504,not_invited,,,
CL000505,not_invited,,,
CL000506,not_invited,,,
CL000507,not_invited,,,
CL000508,not_invited,,,
CL000509,not_invited,,,
CL000510,not_invited,,,
CL000511,not_invited,,,
CL000512,not_invited,,,
CL000513,not_invited,,,
CL000514,not_invited,,,
CL000515,not_invited,,,
CL000516,not_invited,,,
CL000517,not_invited,,,
CL000518,not_invited,,,
CL000519,not_invited,,,
CL000520,not_invited,,,
CL000521,not_invited,,,
CL000522,not_invited,,,
CL000523,responded,0,0,35.29038396266813
CL000524,responded,0,0,35.29038396266813
CL000525,not_invited,,,
CL000526,not_invited,,,
CL000527,not_invited,,,
CL000528,not_invited,,,
CL000529,not_invited,,,
CL000530,not_invited,,,
CL000531,not_invited,,,
CL000532,nonresponse,,,
CL000533,not_invited,,,
CL000534,not_invited,,,
CL000535,not_invited,,,
CL000536,not_invited,,,
CL000537,not_invited,,,
CL000538,responded,0,0,35.29038396266813
CL000539,not_invited,,,
CL000540,not_invited,,,
CL000541,not_invited,,,
CL000542,not_invited,,,
CL000543,not_invited,,,
CL000544,nonresponse,,,
CL000545,not_invited,,,
CL000546,not_invited,,,
CL000547,not_invited,,,
CL000548,not_invited,,,
CL000549,not_invited,,,
CL000550,not_invited,,,
CL000551,not_invited,,,
CL000552,not_invited,,,
CL000553,not_invited,,,
CL000554,not_invited,,,
CL000555,not_invited,,,
CL000556,nonresponse,,,
CL000557,not_invited,,,
CL000558,not_invited,,,
CL000559,not_invited,,,
CL000560,not_invited,,,
CL000561,not_invited,,,
CL000562,not_invited,,,
CL000563,not_invited,,,
CL000564,not_invited,,,
CL000565,not_invited,,,
CL000566,not_invited,,,
CL000567,not_invited,,,
CL000568,not_invited,,,
CL000569,not_invited,,,
CL000570,not_invited,,,
CL000571,not_invited,,,
CL000572,not_invited,,,
CL000573,not_invited,,,
CL000574,not_invited,,,
CL000575,not_invited,,,
CL000576,not_invited,,,
CL000577,not_invited,,,
CL000578,not_invited,,,
CL000579,not_invited,,,
CL000580,not_invited,,,
CL000581,not_invited,,,
CL000582,not_invited,,,
CL000583,not_invited,,,
CL000584,not_invited,,,
CL000585,not_invited,,,
CL000586,responded,0,0,35.29038396266813
CL000587,not_invited,,,
CL000588,not_invited,,,
CL000589,not_invited,,,
CL000590,not_invited,,,
CL000591,not_invited,,,
CL000592,not_invited,,,
CL000593,not_invited,,,
CL000594,not_invited,,,
CL000595,not_invited,,,
CL000596,not_invited,,,
CL000597,not_invited,,,
CL000598,not_invited,,,
CL000599,not_invited,,,
CL000600,not_invited,,,
CL000601,not_invited,,,
CL000602,not_invited,,,
CL000603,not_invited,,,
CL000604,not_invited,,,
CL000605,not_invited,,,
CL000606,not_invited,,,
CL000607,not_invited,,,
CL000608,not_invited,,,
CL000609,not_invited,,,
CL000610,not_invited,,,
CL000611,not_invited,,,
CL000612,not_invited,,,
CL000613,not_invited,,,
CL000614,not_invited,,,
CL000615,responded,0,0,35.29038396266813
CL000616,not_invited,,,
CL000617,not_invited,,,
CL000618,not_invited,,,
CL000619,not_invited,,,
CL000620,not_invited,,,
CL000621,not_invited,,,
CL000622,not_invited,,,
CL000623,not_invited,,,
CL000624,not_invited,,,
CL000625,not_invited,,,
CL000626,not_invited,,,
CL000627,not_invited,,,
CL000628,not_invited,,,
CL000629,not_invited,,,
CL000630,not_invited,,,
CL000631,not_invited,,,
CL000632,not_invited,,,
CL000633,not_invited,,,
CL000634,not_invited,,,
CL000635,not_invited,,,
CL000636,not_invited,,,
CL000637,not_invited,,,
CL000638,not_invited,,,
CL000639,not_invited,,,
CL000640,not_invited,,,
CL000641,not_invited,,,
CL000642,not_invited,,,
CL000643,not_invited,,,
CL000644,not_invited,,,
CL000645,not_invited,,,
CL000646,not_invited,,,
CL000647,not_invited,,,
CL000648,not_invited,,,
CL000649,not_invited,,,
CL000650,not_invited,,,
CL000651,not_invited,,,
CL000652,not_invited,,,
CL000653,not_invited,,,
CL000654,not_invited,,,
CL000655,not_invited,,,
CL000656,not_invited,,,
CL000657,not_invited,,,
CL000658,not_invited,,,
CL000659,not_invited,,,
CL000660,not_invited,,,
CL000661,not_invited,,,
CL000662,not_invited,,,
CL000663,not_invited,,,
CL000664,not_invited,,,
CL000665,not_invited,,,
CL000666,not_invited,,,
CL000667,not_invited,,,
CL000668,not_invited,,,
CL000669,not_invited,,,
CL000670,not_invited,,,
CL000671,not_invited,,,
CL000672,not_invited,,,
CL000673,not_invited,,,
CL000674,not_invited,,,
CL000675,not_invited,,,
CL000676,not_invited,,,
CL000677,responded,0,0,35.29038396266813
CL000678,not_invited,,,
CL000679,not_invited,,,
CL000680,not_invited,,,
CL000681,not_invited,,,
CL000682,not_invited,,,
CL000683,not_invited,,,
CL000684,not_invited,,,
CL000685,not_invited,,,
CL000686,not_invited,,,
CL000687,not_invited,,,
CL000688,not_invited,,,
CL000689,not_invited,,,
CL000690,not_invited,,,
CL000691,not_invited,,,
CL000692,not_invited,,,
CL000693,not_invited,,,
CL000694,not_invited,,,
CL000695,not_invited,,,
CL000696,not_invited,,,
CL000697,not_invited,,,
CL000698,not_invited,,,
CL000699,not_invited,,,
CL000700,not_invited,,,
CL000701,responded,1,1,63.24711745155093
CL000702,not_invited,,,
CL000703,not_invited,,,
CL000704,not_invited,,,
CL000705,not_invited,,,
CL000706,not_invited,,,
CL000707,not_invited,,,
CL000708,not_invited,,,
CL000709,not_invited,,,
CL000710,not_invited,,,
CL000711,not_invited,,,
CL000712,not_invited,,,
CL000713,not_invited,,,
CL000714,not_invited,,,
CL000715,not_invited,,,
CL000716,not_invited,,,
CL000717,not_invited,,,
CL000718,not_invited,,,
CL000719,not_invited,,,
CL000720,not_invited,,,
CL000721,not_invited,,,
CL000722,not_invited,,,
CL000723,not_invited,,,
CL000724,not_invited,,,
CL000725,not_invited,,,
CL000726,not_invited,,,
CL000727,not_invited,,,
CL000728,not_invited,,,
CL000729,not_invited,,,
CL000730,not_invited,,,
CL000731,not_invited,,,
CL000732,responded,0,0,35.29038396266813
CL000733,not_invited,,,
CL000734,not_invited,,,
CL000735,not_invited,,,
CL000736,not_invited,,,
CL000737,not_invited,,,
CL000738,not_invited,,,
CL000739,not_invited,,,
CL000740,responded,1,1,63.24711745155093
CL000741,not_invited,,,
CL000742,not_invited,,,
CL000743,not_invited,,,
CL000744,not_invited,,,
CL000745,not_invited,,,
CL000746,not_invited,,,
CL000747,not_invited,,,
CL000748,not_invited,,,
CL000749,not_invited,,,
CL000750,not_invited,,,
CL000751,not_invited,,,
CL000752,not_invited,,,
CL000753,not_invited,,,
CL000754,responded,0,0,35.29038396266813
CL000755,not_invited,,,
CL000756,not_invited,,,
CL000757,not_invited,,,
CL000758,not_invited,,,
CL000759,not_invited,,,
CL000760,not_invited,,,
CL000761,not_invited,,,
CL000762,not_invited,,,
CL000763,not_invited,,,
CL000764,not_invited,,,
CL000765,not_invited,,,
CL000766,not_invited,,,
CL000767,not_invited,,,
CL000768,not_invited,,,
CL000769,not_invited,,,
CL000770,not_invited,,,
CL000771,not_invited,,,
CL000772,not_invited,,,
CL000773,not_invited,,,
CL000774,responded,0,0,35.29038396266813
CL000775,not_invited,,,
CL000776,not_invited,,,
CL000777,not_invited,,,
CL000778,not_invited,,,
CL000779,not_invited,,,
CL000780,not_invited,,,
CL000781,not_invited,,,
CL000782,not_invited,,,
CL000783,not_invited,,,
CL000784,not_invited,,,
CL000785,not_invited,,,
CL000786,not_invited,,,
CL000787,not_invited,,,
CL000788,not_invited,,,
CL000789,not_invited,,,
CL000790,not_invited,,,
CL000791,not_invited,,,
CL000792,not_invited,,,
CL000793,not_invited,,,
CL000794,not_invited,,,
CL000795,not_invited,,,
CL000796,not_invited,,,
CL000797,not_invited,,,
CL000798,not_invited,,,
CL000799,not_invited,,,
CL000800,not_invited,,,
CL000801,not_invited,,,
CL000802,not_invited,,,
CL000803,not_invited,,,
CL000804,not_invited,,,
CL000805,not_invited,,,
CL000806,not_invited,,,
CL000807,not_invited,,,
CL000808,not_invited,,,
CL000809,not_invited,,,
CL000810,not_invited,,,
CL000811,not_invited,,,
CL000812,not_invited,,,
CL000813,not_invited,,,
CL000814,not_invited,,,
CL000815,not_invited,,,
CL000816,not_invited,,,
CL000817,not_invited,,,
CL000818,not_invited,,,
CL000819,not_invited,,,
CL000820,not_invited,,,
CL000821,not_invited,,,
CL000822,not_invited,,,
CL000823,not_invited,,,
CL000824,not_invited,,,
CL000825,not_invited,,,
CL000826,not_invited,,,
CL000827,not_invited,,,
CL000828,not_invited,,,
CL000829,not_invited,,,
CL000830,not_invited,,,
CL000831,not_invited,,,
CL000832,not_invited,,,
CL000833,not_invited,,,
CL000834,nonresponse,,,
CL000835,not_invited,,,
CL000836,not_invited,,,
CL000837,not_invited,,,
CL000838,responded,0,0,35.29038396266813
CL000839,not_invited,,,
CL000840,responded,0,0,35.29038396266813
CL000841,not_invited,,,
CL000842,not_invited,,,
CL000843,not_invited,,,
CL000844,not_invited,,,
CL000845,not_invited,,,
CL000846,not_invited,,,
CL000847,not_invited,,,
CL000848,not_invited,,,
CL000849,not_invited,,,
CL000850,not_invited,,,
CL000851,not_invited,,,
CL000852,not_invited,,,
CL000853,not_invited,,,
CL000854,not_invited,,,
CL000855,not_invited,,,
CL000856,not_invited,,,
CL000857,not_invited,,,
CL000858,not_invited,,,
CL000859,not_invited,,,
CL000860,not_invited,,,
CL000861,not_invited,,,
CL000862,not_invited,,,
CL000863,not_invited,,,
CL000864,not_invited,,,
CL000865,not_invited,,,
CL000866,not_invited,,,
CL000867,not_invited,,,
CL000868,not_invited,,,
CL000869,not_invited,,,
CL000870,not_invited,,,
CL000871,not_invited,,,
CL000872,not_invited,,,
CL000873,not_invited,,,
CL000874,not_invited,,,
CL000875,not_invited,,,
CL000876,not_invited,,,
CL000877,not_invited,,,
CL000878,not_invited,,,
CL000879,not_invited,,,
CL000880,not_invited,,,
CL000881,not_invited,,,
CL000882,not_invited,,,
CL000883,not_invited,,,
CL000884,not_invited,,,
CL000885,not_invited,,,
CL000886,not_invited,,,
CL000887,not_invited,,,
CL000888,not_invited,,,
CL000889,not_invited,,,
CL000890,not_invited,,,
CL000891,not_invited,,,
CL000892,not_invited,,,
CL000893,not_invited,,,
CL000894,not_invited,,,
CL000895,not_invited,,,
CL000896,not_invited,,,
CL000897,not_invited,,,
CL000898,not_invited,,,
CL000899,not_invited,,,
CL000900,not_invited,,,
CL000901,not_invited,,,
CL000902,not_invited,,,
CL000903,not_invited,,,
CL000904,not_invited,,,
CL000905,not_invited,,,
CL000906,not_invited,,,
CL000907,not_invited,,,
CL000908,not_invited,,,
CL000909,not_invited,,,
CL000910,not_invited,,,
CL000911,responded,1,1,63.24711745155093
CL000912,not_invited,,,
CL000913,not_invited,,,
CL000914,not_invited,,,
CL000915,not_invited,,,
CL000916,not_invited,,,
CL000917,not_invited,,,
CL000918,responded,0,0,35.29038396266813
CL000919,not_invited,,,
CL000920,not_invited,,,
CL000921,not_invited,,,
CL000922,not_invited,,,
CL000923,not_invited,,,
CL000924,not_invited,,,
CL000925,not_invited,,,
CL000926,not_invited,,,
CL000927,not_invited,,,
CL000928,not_invited,,,
CL000929,not_invited,,,
CL000930,not_invited,,,
CL000931,not_invited,,,
CL000932,not_invited,,,
CL000933,not_invited,,,
CL000934,not_invited,,,
CL000935,not_invited,,,
CL000936,not_invited,,,
CL000937,not_invited,,,
CL000938,not_invited,,,
CL000939,not_invited,,,
CL000940,not_invited,,,
CL000941,not_invited,,,
CL000942,responded,0,0,35.29038396266813
CL000943,not_invited,,,
CL000944,responded,1,1,63.24711745155093
CL000945,not_invited,,,
CL000946,nonresponse,,,
CL000947,not_invited,,,
CL000948,not_invited,,,
CL000949,not_invited,,,
CL000950,nonresponse,,,
CL000951,not_invited,,,
CL000952,not_invited,,,
CL000953,not_invited,,,
CL000954,not_invited,,,
CL000955,not_invited,,,
CL000956,not_invited,,,
CL000957,not_invited,,,
CL000958,not_invited,,,
CL000959,not_invited,,,
CL000960,not_invited,,,
CL000961,not_invited,,,
CL000962,not_invited,,,
CL000963,not_invited,,,
CL000964,not_invited,,,
CL000965,not_invited,,,
CL000966,not_invited,,,
CL000967,not_invited,,,
CL000968,not_invited,,,
CL000969,not_invited,,,
CL000970,not_invited,,,
CL000971,not_invited,,,
CL000972,not_invited,,,
CL000973,not_invited,,,
CL000974,not_invited,,,
CL000975,not_invited,,,
CL000976,not_invited,,,
CL000977,not_invited,,,
CL000978,not_invited,,,
CL000979,not_invited,,,
CL000980,not_invited,,,
CL000981,not_invited,,,
CL000982,not_invited,,,
CL000983,nonresponse,,,
CL000984,not_invited,,,
CL000985,not_invited,,,
CL000986,not_invited,,,
CL000987,not_invited,,,
CL000988,not_invited,,,
CL000989,not_invited,,,
CL000990,not_invited,,,
CL000991,not_invited,,,
CL000992,not_invited,,,
CL000993,not_invited,,,
CL000994,not_invited,,,
CL000995,not_invited,,,
CL000996,not_invited,,,
CL000997,not_invited,,,
CL000998,not_invited,,,
CL000999,not_invited,,,
CL001000,not_invited,,,
CL001001,not_invited,,,
CL001002,not_invited,,,
CL001003,not_invited,,,
CL001004,not_invited,,,
CL001005,not_invited,,,
CL001006,not_invited,,,
CL001007,not_invited,,,
CL001008,not_invited,,,
CL001009,not_invited,,,
CL001010,not_invited,,,
CL001011,not_invited,,,
CL001012,nonresponse,,,
CL001013,not_invited,,,
CL001014,not_invited,,,
CL001015,not_invited,,,
CL001016,not_invited,,,
CL001017,not_invited,,,
CL001018,not_invited,,,
CL001019,not_invited,,,
CL001020,not_invited,,,
CL001021,not_invited,,,
CL001022,not_invited,,,
CL001023,not_invited,,,
CL001024,not_invited,,,
CL001025,not_invited,,,
CL001026,not_invited,,,
CL001027,not_invited,,,
CL001028,not_invited,,,
CL001029,not_invited,,,
CL001030,not_invited,,,
CL001031,not_invited,,,
CL001032,not_invited,,,
CL001033,not_invited,,,
CL001034,not_invited,,,
CL001035,responded,0,0,35.29038396266813
CL001036,responded,0,0,35.29038396266813
CL001037,not_invited,,,
CL001038,not_invited,,,
CL001039,not_invited,,,
CL001040,not_invited,,,
CL001041,not_invited,,,
CL001042,not_invited,,,
CL001043,not_invited,,,
CL001044,not_invited,,,
CL001045,not_invited,,,
CL001046,not_invited,,,
CL001047,responded,0,0,35.29038396266813
CL001048,not_invited,,,
CL001049,not_invited,,,
CL001050,not_invited,,,
CL001051,not_invited,,,
CL001052,not_invited,,,
CL001053,not_invited,,,
CL001054,not_invited,,,
CL001055,not_invited,,,
CL001056,responded,0,0,35.29038396266813
CL001057,not_invited,,,
CL001058,not_invited,,,
CL001059,not_invited,,,
CL001060,not_invited,,,
CL001061,not_invited,,,
CL001062,not_invited,,,
CL001063,not_invited,,,
CL001064,not_invited,,,
CL001065,not_invited,,,
CL001066,not_invited,,,
CL001067,not_invited,,,
CL001068,not_invited,,,
CL001069,not_invited,,,
CL001070,not_invited,,,
CL001071,not_invited,,,
CL001072,not_invited,,,
CL001073,not_invited,,,
CL001074,not_invited,,,
CL001075,not_invited,,,
CL001076,not_invited,,,
CL001077,not_invited,,,
CL001078,not_invited,,,
CL001079,not_invited,,,
CL001080,not_invited,,,
CL001081,not_invited,,,
CL001082,not_invited,,,
CL001083,not_invited,,,
CL001084,not_invited,,,
CL001085,not_invited,,,
CL001086,not_invited,,,
CL001087,not_invited,,,
CL001088,not_invited,,,
CL001089,not_invited,,,
CL001090,not_invited,,,
CL001091,responded,0,0,35.29038396266813
CL001092,not_invited,,,
CL001093,not_invited,,,
CL001094,not_invited,,,
CL001095,not_invited,,,
CL001096,not_invited,,,
CL001097,responded,0,0,35.29038396266813
CL001098,not_invited,,,
CL001099,not_invited,,,
CL001100,not_invited,,,
CL001101,not_invited,,,
CL001102,not_invited,,,
CL001103,not_invited,,,
CL001104,not_invited,,,
CL001105,not_invited,,,
CL001106,not_invited,,,
CL001107,not_invited,,,
CL001108,responded,0,0,35.29038396266813
CL001109,not_invited,,,
CL001110,not_invited,,,
CL001111,not_invited,,,
CL001112,not_invited,,,
CL001113,not_invited,,,
CL001114,not_invited,,,
CL001115,not_invited,,,
CL001116,not_invited,,,
CL001117,not_invited,,,
CL001118,not_invited,,,
CL001119,not_invited,,,
CL001120,not_invited,,,
CL001121,not_invited,,,
CL001122,not_invited,,,
CL001123,not_invited,,,
CL001124,not_invited,,,
CL001125,not_invited,,,
CL001126,not_invited,,,
CL001127,not_invited,,,
CL001128,not_invited,,,
CL001129,not_invited,,,
CL001130,not_invited,,,
CL001131,not_invited,,,
CL001132,not_invited,,,
CL001133,not_invited,,,
CL001134,not_invited,,,
CL001135,not_invited,,,
CL001136,not_invited,,,
CL001137,not_invited,,,
CL001138,not_invited,,,
CL001139,not_invited,,,
CL001140,responded,0,0,35.29038396266813
CL001141,not_invited,,,
CL001142,not_invited,,,
CL001143,not_invited,,,
CL001144,not_invited,,,
CL001145,responded,0,0,35.29038396266813
CL001146,not_invited,,,
CL001147,not_invited,,,
CL001148,not_invited,,,
CL001149,not_invited,,,
CL001150,not_invited,,,
CL001151,not_invited,,,
CL001152,not_invited,,,
CL001153,responded,0,0,35.29038396266813
CL001154,not_invited,,,
CL001155,not_invited,,,
CL001156,not_invited,,,
CL001157,not_invited,,,
CL001158,not_invited,,,
CL001159,not_invited,,,
CL001160,not_invited,,,
CL001161,not_invited,,,
CL001162,not_invited,,,
CL001163,not_invited,,,
CL001164,not_invited,,,
CL001165,not_invited,,,
CL001166,not_invited,,,
CL001167,not_invited,,,
CL001168,not_invited,,,
CL001169,not_invited,,,
CL001170,not_invited,,,
CL001171,not_invited,,,
CL001172,not_invited,,,
CL001173,not_invited,,,
CL001174,not_invited,,,
CL001175,not_invited,,,
CL001176,not_invited,,,
CL001177,not_invited,,,
CL001178,not_invited,,,
CL001179,not_invited,,,
CL001180,not_invited,,,
CL001181,not_invited,,,
CL001182,not_invited,,,
CL001183,not_invited,,,
CL001184,not_invited,,,
CL001185,not_invited,,,
CL001186,not_invited,,,
CL001187,not_invited,,,
CL001188,not_invited,,,
CL001189,not_invited,,,
CL001190,not_invited,,,
CL001191,not_invited,,,
CL001192,not_invited,,,
CL001193,not_invited,,,
CL001194,nonresponse,,,
CL001195,not_invited,,,
CL001196,not_invited,,,
CL001197,not_invited,,,
CL001198,not_invited,,,
CL001199,not_invited,,,
CL001200,not_invited,,,
CL001201,not_invited,,,
CL001202,not_invited,,,
CL001203,not_invited,,,
CL001204,not_invited,,,
CL001205,not_invited,,,
CL001206,not_invited,,,
CL001207,not_invited,,,
CL001208,not_invited,,,
CL001209,not_invited,,,
CL001210,not_invited,,,
CL001211,not_invited,,,
CL001212,not_invited,,,
CL001213,not_invited,,,
CL001214,not_invited,,,
CL001215,not_invited,,,
CL001216,not_invited,,,
CL001217,not_invited,,,
CL001218,not_invited,,,
CL001219,not_invited,,,
CL001220,not_invited,,,
CL001221,not_invited,,,
CL001222,not_invited,,,
CL001223,not_invited,,,
CL001224,not_invited,,,
CL001225,not_invited,,,
CL001226,not_invited,,,
CL001227,not_invited,,,
CL001228,not_invited,,,
CL001229,not_invited,,,
CL001230,not_invited,,,
CL001231,not_invited,,,
CL001232,not_invited,,,
CL001233,responded,0,0,35.29038396266813
CL001234,not_invited,,,
CL001235,not_invited,,,
CL001236,not_invited,,,
CL001237,not_invited,,,
CL001238,not_invited,,,
CL001239,not_invited,,,
CL001240,not_invited,,,
CL001241,not_invited,,,
CL001242,nonresponse,,,
CL001243,not_invited,,,
CL001244,not_invited,,,
CL001245,not_invited,,,
CL001246,not_invited,,,
CL001247,not_invited,,,
CL001248,not_invited,,,
CL001249,not_invited,,,
CL001250,not_invited,,,
CL001251,not_invited,,,
CL001252,not_invited,,,
CL001253,not_invited,,,
CL001254,not_invited,,,
CL001255,not_invited,,,
CL001256,responded,0,0,35.29038396266813
CL001257,not_invited,,,
CL001258,not_invited,,,
CL001259,not_invited,,,
CL001260,not_invited,,,
CL001261,not_invited,,,
CL001262,not_invited,,,
CL001263,not_invited,,,
CL001264,not_invited,,,
CL001265,not_invited,,,
CL001266,not_invited,,,
CL001267,not_invited,,,
CL001268,not_invited,,,
CL001269,not_invited,,,
CL001270,not_invited,,,
CL001271,not_invited,,,
CL001272,not_invited,,,
CL001273,not_invited,,,
CL001274,not_invited,,,
CL001275,responded,0,0,35.29038396266813
CL001276,not_invited,,,
CL001277,not_invited,,,
CL001278,not_invited,,,
CL001279,not_invited,,,
CL001280,not_invited,,,
CL001281,not_invited,,,
CL001282,not_invited,,,
CL001283,not_invited,,,
CL001284,not_invited,,,
CL001285,not_invited,,,
CL001286,not_invited,,,
CL001287,not_invited,,,
CL001288,not_invited,,,
CL001289,not_invited,,,
CL001290,not_invited,,,
CL001291,not_invited,,,
CL001292,not_invited,,,
CL001293,not_invited,,,
CL001294,not_invited,,,
CL001295,not_invited,,,
CL001296,not_invited,,,
CL001297,not_invited,,,
CL001298,not_invited,,,
CL001299,not_invited,,,
CL001300,not_invited,,,
CL001301,not_invited,,,
CL001302,not_invited,,,
CL001303,not_invited,,,
CL001304,not_invited,,,
CL001305,not_invited,,,
CL001306,not_invited,,,
CL001307,not_invited,,,
CL001308,not_invited,,,
CL001309,not_invited,,,
CL001310,not_invited,,,
CL001311,not_invited,,,
CL001312,not_invited,,,
CL001313,not_invited,,,
CL001314,not_invited,,,
CL001315,not_invited,,,
CL001316,not_invited,,,
CL001317,not_invited,,,
CL001318,not_invited,,,
CL001319,not_invited,,,
CL001320,not_invited,,,
CL001321,not_invited,,,
CL001322,not_invited,,,
CL001323,not_invited,,,
CL001324,not_invited,,,
CL001325,not_invited,,,
CL001326,not_invited,,,
CL001327,not_invited,,,
CL001328,not_invited,,,
CL001329,not_invited,,,
CL001330,not_invited,,,
CL001331,not_invited,,,
CL001332,not_invited,,,
CL001333,not_invited,,,
CL001334,not_invited,,,
CL001335,not_invited,,,
CL001336,not_invited,,,
CL001337,not_invited,,,
CL001338,not_invited,,,
CL001339,responded,1,1,63.24711745155093
CL001340,not_invited,,,
CL001341,not_invited,,,
CL001342,not_invited,,,
CL001343,not_invited,,,
CL001344,responded,0,0,35.29038396266813
CL001345,not_invited,,,
CL001346,not_invited,,,
CL001347,not_invited,,,
CL001348,not_invited,,,
CL001349,not_invited,,,
CL001350,not_invited,,,
CL001351,not_invited,,,
CL001352,nonresponse,,,
CL001353,responded,0,0,35.29038396266813
CL001354,not_invited,,,
CL001355,not_invited,,,
CL001356,not_invited,,,
CL001357,not_invited,,,
CL001358,not_invited,,,
CL001359,not_invited,,,
CL001360,not_invited,,,
CL001361,not_invited,,,
CL001362,not_invited,,,
CL001363,not_invited,,,
CL001364,not_invited,,,
CL001365,responded,1,1,63.24711745155093
CL001366,not_invited,,,
CL001367,not_invited,,,
CL001368,not_invited,,,
CL001369,not_invited,,,
CL001370,not_invited,,,
CL001371,not_invited,,,
CL001372,not_invited,,,
CL001373,not_invited,,,
CL001374,not_invited,,,
CL001375,not_invited,,,
CL001376,not_invited,,,
CL001377,not_invited,,,
CL001378,not_invited,,,
CL001379,not_invited,,,
CL001380,not_invited,,,
CL001381,not_invited,,,
CL001382,not_invited,,,
CL001383,not_invited,,,
CL001384,not_invited,,,
CL001385,not_invited,,,
CL001386,not_invited,,,
CL001387,not_invited,,,
CL001388,not_invited,,,
CL001389,not_invited,,,
CL001390,not_invited,,,
CL001391,not_invited,,,
CL001392,not_invited,,,
CL001393,not_invited,,,
CL001394,not_invited,,,
CL001395,not_invited,,,
CL001396,not_invited,,,
CL001397,responded,1,1,63.24711745155093
CL001398,not_invited,,,
CL001399,not_invited,,,
CL001400,not_invited,,,
CL001401,not_invited,,,
CL001402,not_invited,,,
CL001403,not_invited,,,
CL001404,not_invited,,,
CL001405,not_invited,,,
CL001406,not_invited,,,
CL001407,not_invited,,,
CL001408,responded,1,1,63.24711745155093
CL001409,not_invited,,,
CL001410,not_invited,,,
CL001411,not_invited,,,
CL001412,not_invited,,,
CL001413,not_invited,,,
CL001414,not_invited,,,
CL001415,not_invited,,,
CL001416,not_invited,,,
CL001417,not_invited,,,
CL001418,not_invited,,,
CL001419,not_invited,,,
CL001420,not_invited,,,
CL001421,not_invited,,,
CL001422,not_invited,,,
CL001423,not_invited,,,
CL001424,not_invited,,,
CL001425,not_invited,,,
CL001426,not_invited,,,
CL001427,not_invited,,,
CL001428,not_invited,,,
CL001429,not_invited,,,
CL001430,not_invited,,,
CL001431,not_invited,,,
CL001432,not_invited,,,
CL001433,not_invited,,,
CL001434,not_invited,,,
CL001435,responded,0,0,35.29038396266813
CL001436,not_invited,,,
CL001437,not_invited,,,
CL001438,not_invited,,,
CL001439,not_invited,,,
CL001440,not_invited,,,
CL001441,not_invited,,,
CL001442,not_invited,,,
CL001443,not_invited,,,
CL001444,not_invited,,,
CL001445,not_invited,,,
CL001446,not_invited,,,
CL001447,not_invited,,,
CL001448,not_invited,,,
CL001449,not_invited,,,
CL001450,not_invited,,,
CL001451,not_invited,,,
CL001452,not_invited,,,
CL001453,not_invited,,,
CL001454,not_invited,,,
CL001455,not_invited,,,
CL001456,not_invited,,,
CL001457,not_invited,,,
CL001458,not_invited,,,
CL001459,not_invited,,,
CL001460,not_invited,,,
CL001461,not_invited,,,
CL001462,not_invited,,,
CL001463,not_invited,,,
CL001464,not_invited,,,
CL001465,not_invited,,,
CL001466,not_invited,,,
CL001467,not_invited,,,
CL001468,not_invited,,,
CL001469,not_invited,,,
CL001470,not_invited,,,
CL001471,not_invited,,,
CL001472,not_invited,,,
CL001473,not_invited,,,
CL001474,not_invited,,,
CL001475,not_invited,,,
CL001476,not_invited,,,
CL001477,not_invited,,,
CL001478,not_invited,,,
CL001479,not_invited,,,
CL001480,not_invited,,,
CL001481,not_invited,,,
CL001482,not_invited,,,
CL001483,not_invited,,,
CL001484,not_invited,,,
CL001485,not_invited,,,
CL001486,not_invited,,,
CL001487,not_invited,,,
CL001488,not_invited,,,
CL001489,not_invited,,,
CL001490,not_invited,,,
CL001491,not_invited,,,
CL001492,not_invited,,,
CL001493,not_invited,,,
CL001494,not_invited,,,
CL001495,not_invited,,,
CL001496,not_invited,,,
CL001497,not_invited,,,
CL001498,not_invited,,,
CL001499,not_invited,,,
CL001500,not_invited,,,
CL001501,not_invited,,,
CL001502,not_invited,,,
CL001503,not_invited,,,
CL001504,not_invited,,,
CL001505,not_invited,,,
CL001506,not_invited,,,
CL001507,not_invited,,,
CL001508,not_invited,,,
CL001509,not_invited,,,
CL001510,not_invited,,,
CL001511,responded,0,0,35.29038396266813
CL001512,not_invited,,,
CL001513,not_invited,,,
CL001514,not_invited,,,
CL001515,not_invited,,,
CL001516,not_invited,,,
CL001517,not_invited,,,
CL001518,not_invited,,,
CL001519,not_invited,,,
CL001520,not_invited,,,
CL001521,not_invited,,,
CL001522,not_invited,,,
CL001523,not_invited,,,
CL001524,not_invited,,,
CL001525,not_invited,,,
CL001526,not_invited,,,
CL001527,not_invited,,,
CL001528,not_invited,,,
CL001529,not_invited,,,
CL001530,not_invited,,,
CL001531,not_invited,,,
CL001532,not_invited,,,
CL001533,not_invited,,,
CL001534,not_invited,,,
CL001535,not_invited,,,
CL001536,not_invited,,,
CL001537,not_invited,,,
CL001538,not_invited,,,
CL001539,not_invited,,,
CL001540,not_invited,,,
CL001541,not_invited,,,
CL001542,not_invited,,,
CL001543,not_invited,,,
CL001544,not_invited,,,
CL001545,not_invited,,,
CL001546,not_invited,,,
CL001547,not_invited,,,
CL001548,not_invited,,,
CL001549,not_invited,,,
CL001550,not_invited,,,
CL001551,not_invited,,,
CL001552,not_invited,,,
CL001553,nonresponse,,,
CL001554,not_invited,,,
CL001555,not_invited,,,
CL001556,not_invited,,,
CL001557,not_invited,,,
CL001558,not_invited,,,
CL001559,not_invited,,,
CL001560,not_invited,,,
CL001561,not_invited,,,
CL001562,not_invited,,,
CL001563,not_invited,,,
CL001564,not_invited,,,
CL001565,responded,0,0,35.29038396266813
CL001566,not_invited,,,
CL001567,not_invited,,,
CL001568,not_invited,,,
CL001569,not_invited,,,
CL001570,not_invited,,,
CL001571,not_invited,,,
CL001572,not_invited,,,
CL001573,not_invited,,,
CL001574,not_invited,,,
CL001575,not_invited,,,
CL001576,not_invited,,,
CL001577,not_invited,,,
CL001578,not_invited,,,
CL001579,not_invited,,,
CL001580,not_invited,,,
CL001581,responded,0,0,35.29038396266813
CL001582,not_invited,,,
CL001583,not_invited,,,
CL001584,not_invited,,,
CL001585,not_invited,,,
CL001586,not_invited,,,
CL001587,not_invited,,,
CL001588,not_invited,,,
CL001589,not_invited,,,
CL001590,not_invited,,,
CL001591,not_invited,,,
CL001592,not_invited,,,
CL001593,not_invited,,,
CL001594,not_invited,,,
CL001595,not_invited,,,
CL001596,not_invited,,,
CL001597,not_invited,,,
CL001598,not_invited,,,
CL001599,not_invited,,,
CL001600,not_invited,,,
CL001601,not_invited,,,
CL001602,not_invited,,,
CL001603,responded,0,0,35.29038396266813
CL001604,not_invited,,,
CL001605,not_invited,,,
CL001606,not_invited,,,
CL001607,not_invited,,,
CL001608,not_invited,,,
CL001609,not_invited,,,
CL001610,not_invited,,,
CL001611,not_invited,,,
CL001612,not_invited,,,
CL001613,not_invited,,,
CL001614,not_invited,,,
CL001615,not_invited,,,
CL001616,not_invited,,,
CL001617,not_invited,,,
CL001618,not_invited,,,
CL001619,not_invited,,,
CL001620,not_invited,,,
CL001621,not_invited,,,
CL001622,not_invited,,,
CL001623,not_invited,,,
CL001624,not_invited,,,
CL001625,not_invited,,,
CL001626,not_invited,,,
CL001627,not_invited,,,
CL001628,not_invited,,,
CL001629,not_invited,,,
CL001630,not_invited,,,
CL001631,not_invited,,,
CL001632,not_invited,,,
CL001633,not_invited,,,
CL001634,not_invited,,,
CL001635,not_invited,,,
CL001636,not_invited,,,
CL001637,not_invited,,,
CL001638,not_invited,,,
CL001639,not_invited,,,
CL001640,not_invited,,,
CL001641,not_invited,,,
CL001642,not_invited,,,
CL001643,not_invited,,,
CL001644,not_invited,,,
CL001645,responded,0,0,35.29038396266813
CL001646,not_invited,,,
CL001647,not_invited,,,
CL001648,responded,0,0,35.29038396266813
CL001649,not_invited,,,
CL001650,not_invited,,,
CL001651,not_invited,,,
CL001652,not_invited,,,
CL001653,not_invited,,,
CL001654,not_invited,,,
CL001655,not_invited,,,
CL001656,not_invited,,,
CL001657,not_invited,,,
CL001658,not_invited,,,
CL001659,not_invited,,,
CL001660,not_invited,,,
CL001661,not_invited,,,
CL001662,not_invited,,,
CL001663,not_invited,,,
CL001664,not_invited,,,
CL001665,not_invited,,,
CL001666,not_invited,,,
CL001667,not_invited,,,
CL001668,not_invited,,,
CL001669,not_invited,,,
CL001670,not_invited,,,
CL001671,not_invited,,,
CL001672,not_invited,,,
CL001673,not_invited,,,
CL001674,not_invited,,,
CL001675,not_invited,,,
CL001676,not_invited,,,
CL001677,not_invited,,,
CL001678,not_invited,,,
CL001679,not_invited,,,
CL001680,not_invited,,,
CL001681,not_invited,,,
CL001682,not_invited,,,
CL001683,not_invited,,,
CL001684,not_invited,,,
CL001685,responded,0,0,35.29038396266813
CL001686,not_invited,,,
CL001687,not_invited,,,
CL001688,not_invited,,,
CL001689,responded,0,0,35.29038396266813
CL001690,not_invited,,,
CL001691,not_invited,,,
CL001692,not_invited,,,
CL001693,responded,1,1,63.24711745155093
CL001694,not_invited,,,
CL001695,not_invited,,,
CL001696,not_invited,,,
CL001697,not_invited,,,
CL001698,not_invited,,,
CL001699,not_invited,,,
CL001700,not_invited,,,
CL001701,not_invited,,,
CL001702,not_invited,,,
CL001703,not_invited,,,
CL001704,not_invited,,,
CL001705,responded,0,0,35.29038396266813
CL001706,not_invited,,,
CL001707,not_invited,,,
CL001708,not_invited,,,
CL001709,not_invited,,,
CL001710,not_invited,,,
CL001711,not_invited,,,
CL001712,not_invited,,,
CL001713,not_invited,,,
CL001714,not_invited,,,
CL001715,not_invited,,,
CL001716,not_invited,,,
CL001717,not_invited,,,
CL001718,not_invited,,,
CL001719,not_invited,,,
CL001720,not_invited,,,
CL001721,not_invited,,,
CL001722,not_invited,,,
CL001723,not_invited,,,
CL001724,not_invited,,,
CL001725,not_invited,,,
CL001726,not_invited,,,
CL001727,not_invited,,,
CL001728,not_invited,,,
CL001729,not_invited,,,
CL001730,not_invited,,,
CL001731,not_invited,,,
CL001732,not_invited,,,
CL001733,not_invited,,,
CL001734,not_invited,,,
CL001735,not_invited,,,
CL001736,responded,0,0,35.29038396266813
CL001737,not_invited,,,
CL001738,not_invited,,,
CL001739,not_invited,,,
CL001740,not_invited,,,
CL001741,not_invited,,,
CL001742,not_invited,,,
CL001743,responded,0,0,35.29038396266813
CL001744,not_invited,,,
CL001745,responded,0,0,35.29038396266813
CL001746,not_invited,,,
CL001747,not_invited,,,
CL001748,not_invited,,,
CL001749,not_invited,,,
CL001750,not_invited,,,
CL001751,not_invited,,,
CL001752,not_invited,,,
CL001753,not_invited,,,
CL001754,not_invited,,,
CL001755,responded,0,0,35.29038396266813
CL001756,not_invited,,,
CL001757,not_invited,,,
CL001758,not_invited,,,
CL001759,not_invited,,,
CL001760,not_invited,,,
CL001761,not_invited,,,
CL001762,not_invited,,,
CL001763,not_invited,,,
CL001764,not_invited,,,
CL001765,not_invited,,,
CL001766,not_invited,,,
CL001767,not_invited,,,
CL001768,not_invited,,,
CL001769,not_invited,,,
CL001770,not_invited,,,
CL001771,not_invited,,,
CL001772,not_invited,,,
CL001773,not_invited,,,
CL001774,not_invited,,,
CL001775,not_invited,,,
CL001776,not_invited,,,
CL001777,not_invited,,,
CL001778,not_invited,,,
CL001779,not_invited,,,
CL001780,not_invited,,,
CL001781,not_invited,,,
CL001782,not_invited,,,
CL001783,responded,0,0,35.29038396266813
CL001784,not_invited,,,
CL001785,not_invited,,,
CL001786,not_invited,,,
CL001787,not_invited,,,
CL001788,nonresponse,,,
CL001789,not_invited,,,
CL001790,not_invited,,,
CL001791,not_invited,,,
CL001792,not_invited,,,
CL001793,not_invited,,,
CL001794,not_invited,,,
CL001795,not_invited,,,
CL001796,not_invited,,,
CL001797,not_invited,,,
CL001798,not_invited,,,
CL001799,responded,1,1,63.24711745155093
CL001800,not_invited,,,
CL001801,not_invited,,,
CL001802,not_invited,,,
CL001803,not_invited,,,
CL001804,not_invited,,,
CL001805,not_invited,,,
CL001806,not_invited,,,
CL001807,not_invited,,,
CL001808,not_invited,,,
CL001809,not_invited,,,
CL001810,not_invited,,,
CL001811,not_invited,,,
CL001812,not_invited,,,
CL001813,not_invited,,,
CL001814,not_invited,,,
CL001815,nonresponse,,,
CL001816,not_invited,,,
CL001817,not_invited,,,
CL001818,not_invited,,,
CL001819,not_invited,,,
CL001820,not_invited,,,
CL001821,not_invited,,,
CL001822,not_invited,,,
CL001823,not_invited,,,
CL001824,not_invited,,,
CL001825,not_invited,,,
CL001826,not_invited,,,
CL001827,not_invited,,,
CL001828,not_invited,,,
CL001829,not_invited,,,
CL001830,not_invited,,,
CL001831,not_invited,,,
CL001832,not_invited,,,
CL001833,not_invited,,,
CL001834,not_invited,,,
CL001835,not_invited,,,
CL001836,not_invited,,,
CL001837,not_invited,,,
CL001838,not_invited,,,
CL001839,not_invited,,,
CL001840,not_invited,,,
CL001841,not_invited,,,
CL001842,not_invited,,,
CL001843,not_invited,,,
CL001844,not_invited,,,
CL001845,not_invited,,,
CL001846,not_invited,,,
CL001847,not_invited,,,
CL001848,not_invited,,,
CL001849,not_invited,,,
CL001850,not_invited,,,
CL001851,not_invited,,,
CL001852,not_invited,,,
CL001853,not_invited,,,
CL001854,not_invited,,,
CL001855,not_invited,,,
CL001856,not_invited,,,
CL001857,not_invited,,,
CL001858,not_invited,,,
CL001859,not_invited,,,
CL001860,not_invited,,,
CL001861,not_invited,,,
CL001862,not_invited,,,
CL001863,not_invited,,,
CL001864,not_invited,,,
CL001865,not_invited,,,
CL001866,not_invited,,,
CL001867,not_invited,,,
CL001868,not_invited,,,
CL001869,not_invited,,,
CL001870,not_invited,,,
CL001871,not_invited,,,
CL001872,not_invited,,,
CL001873,not_invited,,,
CL001874,not_invited,,,
CL001875,not_invited,,,
CL001876,not_invited,,,
CL001877,not_invited,,,
CL001878,not_invited,,,
CL001879,not_invited,,,
CL001880,not_invited,,,
CL001881,not_invited,,,
CL001882,not_invited,,,
CL001883,not_invited,,,
CL001884,not_invited,,,
CL001885,not_invited,,,
CL001886,not_invited,,,
CL001887,not_invited,,,
CL001888,not_invited,,,
CL001889,not_invited,,,
CL001890,not_invited,,,
CL001891,not_invited,,,
CL001892,not_invited,,,
CL001893,not_invited,,,
CL001894,not_invited,,,
CL001895,not_invited,,,
CL001896,not_invited,,,
CL001897,not_invited,,,
CL001898,not_invited,,,
CL001899,not_invited,,,
CL001900,not_invited,,,
CL001901,not_invited,,,
CL001902,not_invited,,,
CL001903,not_invited,,,
CL001904,not_invited,,,
CL001905,not_invited,,,
CL001906,not_invited,,,
CL001907,not_invited,,,
CL001908,not_invited,,,
CL001909,not_invited,,,
CL001910,not_invited,,,
CL001911,not_invited,,,
CL001912,not_invited,,,
CL001913,not_invited,,,
CL001914,not_invited,,,
CL001915,not_invited,,,
CL001916,not_invited,,,
CL001917,not_invited,,,
CL001918,not_invited,,,
CL001919,not_invited,,,
CL001920,not_invited,,,
CL001921,not_invited,,,
CL001922,not_invited,,,
CL001923,not_invited,,,
CL001924,responded,0,0,35.29038396266813
CL001925,not_invited,,,
CL001926,responded,1,1,63.24711745155093
CL001927,not_invited,,,
CL001928,not_invited,,,
CL001929,not_invited,,,
CL001930,not_invited,,,
CL001931,not_invited,,,
CL001932,not_invited,,,
CL001933,not_invited,,,
CL001934,not_invited,,,
CL001935,not_invited,,,
CL001936,not_invited,,,
CL001937,not_invited,,,
CL001938,not_invited,,,
CL001939,not_invited,,,
CL001940,not_invited,,,
CL001941,not_invited,,,
CL001942,responded,0,0,35.29038396266813
CL001943,not_invited,,,
CL001944,not_invited,,,
CL001945,not_invited,,,
CL001946,not_invited,,,
CL001947,not_invited,,,
CL001948,not_invited,,,
CL001949,not_invited,,,
CL001950,not_invited,,,
CL001951,not_invited,,,
CL001952,not_invited,,,
CL001953,not_invited,,,
CL001954,not_invited,,,
CL001955,not_invited,,,
CL001956,not_invited,,,
CL001957,not_invited,,,
CL001958,not_invited,,,
CL001959,responded,0,0,35.29038396266813
CL001960,not_invited,,,
CL001961,not_invited,,,
CL001962,not_invited,,,
CL001963,not_invited,,,
CL001964,not_invited,,,
CL001965,not_invited,,,
CL001966,not_invited,,,
CL001967,not_invited,,,
CL001968,not_invited,,,
CL001969,not_invited,,,
CL001970,not_invited,,,
CL001971,not_invited,,,
CL001972,not_invited,,,
CL001973,not_invited,,,
CL001974,not_invited,,,
CL001975,not_invited,,,
CL001976,not_invited,,,
CL001977,not_invited,,,
CL001978,not_invited,,,
CL001979,not_invited,,,
CL001980,not_invited,,,
CL001981,not_invited,,,
CL001982,not_invited,,,
CL001983,not_invited,,,
CL001984,not_invited,,,
CL001985,not_invited,,,
CL001986,not_invited,,,
CL001987,not_invited,,,
CL001988,not_invited,,,
CL001989,not_invited,,,
CL001990,not_invited,,,
CL001991,not_invited,,,
CL001992,not_invited,,,
CL001993,responded,1,1,63.24711745155093
CL001994,responded,0,0,35.29038396266813
CL001995,not_invited,,,
CL001996,not_invited,,,
CL001997,not_invited,,,
CL001998,nonresponse,,,
CL001999,not_invited,,,
CL002000,not_invited,,,
CL002001,not_invited,,,
CL002002,not_invited,,,
CL002003,not_invited,,,
CL002004,not_invited,,,
CL002005,not_invited,,,
CL002006,not_invited,,,
CL002007,not_invited,,,
CL002008,not_invited,,,
CL002009,not_invited,,,
CL002010,not_invited,,,
CL002011,not_invited,,,
CL002012,responded,1,1,63.24711745155093
CL002013,not_invited,,,
CL002014,not_invited,,,
CL002015,not_invited,,,
CL002016,not_invited,,,
CL002017,not_invited,,,
CL002018,not_invited,,,
CL002019,not_invited,,,
CL002020,not_invited,,,
CL002021,not_invited,,,
CL002022,not_invited,,,
CL002023,not_invited,,,
CL002024,not_invited,,,
CL002025,not_invited,,,
CL002026,not_invited,,,
CL002027,not_invited,,,
CL002028,not_invited,,,
CL002029,not_invited,,,
CL002030,responded,1,1,63.24711745155093
CL002031,not_invited,,,
CL002032,responded,0,0,35.29038396266813
CL002033,not_invited,,,
CL002034,not_invited,,,
CL002035,not_invited,,,
CL002036,not_invited,,,
CL002037,not_invited,,,
CL002038,not_invited,,,
CL002039,not_invited,,,
CL002040,not_invited,,,
CL002041,not_invited,,,
CL002042,not_invited,,,
CL002043,not_invited,,,
CL002044,not_invited,,,
CL002045,not_invited,,,
CL002046,not_invited,,,
CL002047,not_invited,,,
CL002048,not_invited,,,
CL002049,responded,0,0,35.29038396266813
CL002050,not_invited,,,
CL002051,not_invited,,,
CL002052,not_invited,,,
CL002053,not_invited,,,
CL002054,not_invited,,,
CL002055,not_invited,,,
CL002056,not_invited,,,
CL002057,not_invited,,,
CL002058,not_invited,,,
CL002059,not_invited,,,
CL002060,not_invited,,,
CL002061,not_invited,,,
CL002062,not_invited,,,
CL002063,not_invited,,,
CL002064,not_invited,,,
CL002065,not_invited,,,
CL002066,not_invited,,,
CL002067,not_invited,,,
CL002068,not_invited,,,
CL002069,not_invited,,,
CL002070,not_invited,,,
CL002071,not_invited,,,
CL002072,not_invited,,,
CL002073,not_invited,,,
CL002074,not_invited,,,
CL002075,not_invited,,,
CL002076,not_invited,,,
CL002077,not_invited,,,
CL002078,not_invited,,,
CL002079,not_invited,,,
CL002080,not_invited,,,
CL002081,not_invited,,,
CL002082,not_invited,,,
CL002083,not_invited,,,
CL002084,not_invited,,,
CL002085,not_invited,,,
CL002086,not_invited,,,
CL002087,not_invited,,,
CL002088,not_invited,,,
CL002089,not_invited,,,
CL002090,not_invited,,,
CL002091,not_invited,,,
CL002092,not_invited,,,
CL002093,not_invited,,,
CL002094,not_invited,,,
CL002095,not_invited,,,
CL002096,not_invited,,,
CL002097,not_invited,,,
CL002098,not_invited,,,
CL002099,not_invited,,,
CL002100,not_invited,,,
CL002101,not_invited,,,
CL002102,not_invited,,,
CL002103,not_invited,,,
CL002104,not_invited,,,
CL002105,not_invited,,,
CL002106,not_invited,,,
CL002107,not_invited,,,
CL002108,not_invited,,,
CL002109,not_invited,,,
CL002110,not_invited,,,
CL002111,not_invited,,,
CL002112,not_invited,,,
CL002113,not_invited,,,
CL002114,not_invited,,,
CL002115,not_invited,,,
CL002116,not_invited,,,
CL002117,not_invited,,,
CL002118,not_invited,,,
CL002119,not_invited,,,
CL002120,not_invited,,,
CL002121,not_invited,,,
CL002122,not_invited,,,
CL002123,not_invited,,,
CL002124,not_invited,,,
CL002125,not_invited,,,
CL002126,not_invited,,,
CL002127,not_invited,,,
CL002128,responded,0,0,35.29038396266813
CL002129,not_invited,,,
CL002130,not_invited,,,
CL002131,not_invited,,,
CL002132,not_invited,,,
CL002133,not_invited,,,
CL002134,not_invited,,,
CL002135,responded,1,1,63.24711745155093
CL002136,not_invited,,,
CL002137,not_invited,,,
CL002138,not_invited,,,
CL002139,not_invited,,,
CL002140,not_invited,,,
CL002141,not_invited,,,
CL002142,not_invited,,,
CL002143,not_invited,,,
CL002144,not_invited,,,
CL002145,responded,0,0,35.29038396266813
CL002146,not_invited,,,
CL002147,not_invited,,,
CL002148,not_invited,,,
CL002149,responded,0,0,35.29038396266813
CL002150,not_invited,,,
CL002151,not_invited,,,
CL002152,not_invited,,,
CL002153,not_invited,,,
CL002154,not_invited,,,
CL002155,not_invited,,,
CL002156,responded,1,1,63.24711745155093
CL002157,not_invited,,,
CL002158,not_invited,,,
CL002159,not_invited,,,
CL002160,not_invited,,,
CL002161,not_invited,,,
CL002162,not_invited,,,
CL002163,not_invited,,,
CL002164,not_invited,,,
CL002165,not_invited,,,
CL002166,not_invited,,,
CL002167,not_invited,,,
CL002168,not_invited,,,
CL002169,not_invited,,,
CL002170,not_invited,,,
CL002171,not_invited,,,
CL002172,not_invited,,,
CL002173,not_invited,,,
CL002174,responded,0,0,35.29038396266813
CL002175,not_invited,,,
CL002176,not_invited,,,
CL002177,not_invited,,,
CL002178,not_invited,,,
CL002179,not_invited,,,
CL002180,not_invited,,,
CL002181,not_invited,,,
CL002182,not_invited,,,
CL002183,not_invited,,,
CL002184,not_invited,,,
CL002185,not_invited,,,
CL002186,not_invited,,,
CL002187,not_invited,,,
CL002188,not_invited,,,
CL002189,not_invited,,,
CL002190,not_invited,,,
CL002191,not_invited,,,
CL002192,not_invited,,,
CL002193,nonresponse,,,
CL002194,not_invited,,,
CL002195,not_invited,,,
CL002196,not_invited,,,
CL002197,not_invited,,,
CL002198,not_invited,,,
CL002199,not_invited,,,
CL002200,not_invited,,,
CL002201,not_invited,,,
CL002202,not_invited,,,
CL002203,not_invited,,,
CL002204,not_invited,,,
CL002205,not_invited,,,
CL002206,not_invited,,,
CL002207,not_invited,,,
CL002208,not_invited,,,
CL002209,not_invited,,,
CL002210,not_invited,,,
CL002211,not_invited,,,
CL002212,not_invited,,,
CL002213,not_invited,,,
CL002214,not_invited,,,
CL002215,not_invited,,,
CL002216,not_invited,,,
CL002217,not_invited,,,
CL002218,not_invited,,,
CL002219,not_invited,,,
CL002220,not_invited,,,
CL002221,nonresponse,,,
CL002222,not_invited,,,
CL002223,not_invited,,,
CL002224,not_invited,,,
CL002225,not_invited,,,
CL002226,not_invited,,,
CL002227,not_invited,,,
CL002228,not_invited,,,
CL002229,not_invited,,,
CL002230,not_invited,,,
CL002231,not_invited,,,
CL002232,not_invited,,,
CL002233,not_invited,,,
CL002234,not_invited,,,
CL002235,not_invited,,,
CL002236,not_invited,,,
CL002237,not_invited,,,
CL002238,not_invited,,,
CL002239,not_invited,,,
CL002240,not_invited,,,
CL002241,not_invited,,,
CL002242,not_invited,,,
CL002243,not_invited,,,
CL002244,not_invited,,,
CL002245,not_invited,,,
CL002246,not_invited,,,
CL002247,not_invited,,,
CL002248,not_invited,,,
CL002249,not_invited,,,
CL002250,not_invited,,,
CL002251,not_invited,,,
CL002252,not_invited,,,
CL002253,not_invited,,,
CL002254,not_invited,,,
CL002255,not_invited,,,
CL002256,not_invited,,,
CL002257,not_invited,,,
CL002258,not_invited,,,
CL002259,not_invited,,,
CL002260,not_invited,,,
CL002261,not_invited,,,
CL002262,not_invited,,,
CL002263,not_invited,,,
CL002264,not_invited,,,
CL002265,not_invited,,,
CL002266,responded,1,1,63.24711745155093
CL002267,nonresponse,,,
CL002268,not_invited,,,
CL002269,not_invited,,,
CL002270,not_invited,,,
CL002271,not_invited,,,
CL002272,not_invited,,,
CL002273,not_invited,,,
CL002274,not_invited,,,
CL002275,not_invited,,,
CL002276,not_invited,,,
CL002277,not_invited,,,
CL002278,not_invited,,,
CL002279,not_invited,,,
CL002280,not_invited,,,
CL002281,not_invited,,,
CL002282,not_invited,,,
CL002283,not_invited,,,
CL002284,not_invited,,,
CL002285,not_invited,,,
CL002286,not_invited,,,
CL002287,not_invited,,,
CL002288,not_invited,,,
CL002289,not_invited,,,
CL002290,not_invited,,,
CL002291,not_invited,,,
CL002292,not_invited,,,
CL002293,not_invited,,,
CL002294,not_invited,,,
CL002295,not_invited,,,
CL002296,not_invited,,,
CL002297,not_invited,,,
CL002298,not_invited,,,
CL002299,not_invited,,,
CL002300,not_invited,,,
CL002301,responded,0,0,35.29038396266813
CL002302,not_invited,,,
CL002303,not_invited,,,
CL002304,nonresponse,,,
CL002305,not_invited,,,
CL002306,not_invited,,,
CL002307,not_invited,,,
CL002308,not_invited,,,
CL002309,not_invited,,,
CL002310,not_invited,,,
CL002311,not_invited,,,
CL002312,not_invited,,,
CL002313,not_invited,,,
CL002314,not_invited,,,
CL002315,not_invited,,,
CL002316,not_invited,,,
CL002317,not_invited,,,
CL002318,not_invited,,,
CL002319,not_invited,,,
CL002320,not_invited,,,
CL002321,not_invited,,,
CL002322,not_invited,,,
CL002323,not_invited,,,
CL002324,not_invited,,,
CL002325,not_invited,,,
CL002326,responded,0,0,35.29038396266813
CL002327,not_invited,,,
CL002328,not_invited,,,
CL002329,not_invited,,,
CL002330,not_invited,,,
CL002331,not_invited,,,
CL002332,not_invited,,,
CL002333,not_invited,,,
CL002334,not_invited,,,
CL002335,not_invited,,,
CL002336,responded,0,0,35.29038396266813
CL002337,not_invited,,,
CL002338,not_invited,,,
CL002339,not_invited,,,
CL002340,responded,0,0,35.29038396266813
CL002341,not_invited,,,
CL002342,not_invited,,,
CL002343,not_invited,,,
CL002344,not_invited,,,
CL002345,not_invited,,,
CL002346,not_invited,,,
CL002347,not_invited,,,
CL002348,not_invited,,,
CL002349,not_invited,,,
CL002350,not_invited,,,
CL002351,not_invited,,,
CL002352,not_invited,,,
CL002353,not_invited,,,
CL002354,not_invited,,,
CL002355,not_invited,,,
CL002356,not_invited,,,
CL002357,not_invited,,,
CL002358,not_invited,,,
CL002359,not_invited,,,
CL002360,not_invited,,,
CL002361,not_invited,,,
CL002362,not_invited,,,
CL002363,not_invited,,,
CL002364,not_invited,,,
CL002365,not_invited,,,
CL002366,not_invited,,,
CL002367,not_invited,,,
CL002368,not_invited,,,
CL002369,not_invited,,,
CL002370,not_invited,,,
CL002371,not_invited,,,
CL002372,not_invited,,,
CL002373,not_invited,,,
CL002374,not_invited,,,
CL002375,not_invited,,,
CL002376,not_invited,,,
CL002377,not_invited,,,
CL002378,not_invited,,,
CL002379,not_invited,,,
CL002380,not_invited,,,
CL002381,not_invited,,,
CL002382,not_invited,,,
CL002383,not_invited,,,
CL002384,not_invited,,,
CL002385,not_invited,,,
CL002386,not_invited,,,
CL002387,not_invited,,,
CL002388,not_invited,,,
CL002389,responded,0,0,35.29038396266813
CL002390,responded,0,0,35.29038396266813
CL002391,not_invited,,,
CL002392,not_invited,,,
CL002393,nonresponse,,,
CL002394,not_invited,,,
CL002395,not_invited,,,
CL002396,not_invited,,,
CL002397,not_invited,,,
CL002398,not_invited,,,
CL002399,not_invited,,,
CL002400,not_invited,,,
